dateraw,cp_flag,exdateraw,tauday,x,s,tr,money,oprice,volume,iv,deltachk
27Oct2025,C,07Nov2025,11,27.0,25.530000686645508,0.0411,-6.85356671874588,0.07,177.0,0.3007882421875,0.1533222767414763
27Oct2025,C,21Nov2025,25,37.0,25.530000686645508,0.0411,-6.540769005439318,0.025,1.0,0.64062859375,0.017318849514602
27Oct2025,C,05Dec2025,39,29.0,25.530000686645508,0.0411,-6.786674421430402,0.06,7.0,0.2851633984374999,0.1014240481597952
27Oct2025,C,16Jan2026,81,35.0,25.530000686645508,0.0411,-6.605472189927463,0.04,3.0,0.3476627734374999,0.0368253685290875
27Oct2025,C,20Feb2026,116,31.0,25.530000686645508,0.0411,-6.732541380265063,0.15,6.0,0.27149166015625,0.1342458786108689
27Oct2025,C,18Sep2026,326,35.0,25.530000686645508,0.0411,-6.645430523260796,0.315,15.0,0.2612378564453125,0.1572660400574921
27Oct2025,P,14Nov2025,18,28.0,25.530000686645508,0.0411,-6.8183407412416726,2.425,12.0,0.52539537109375,-0.7629460158835388
27Oct2025,P,28Nov2025,32,27.0,25.530000686645508,0.0411,-6.85699171874588,1.725,1.0,0.344733115234375,-0.6780016855680362
27Oct2025,P,05Dec2025,39,26.0,25.530000686645508,0.0411,-6.895873713395394,1.005,3.0,0.242195078125,-0.5538401074677798
27Oct2025,P,18Jun2026,234,35.0,25.530000686645508,0.0411,-6.630425761356034,8.975000000000001,5.0,0.2622144091796875,-0.8983534627751297
27Oct2025,C,14Nov2025,18,30.0,25.530000686645508,0.0409,-6.749333584040436,0.155,3.0,0.5410202148437502,0.1027474932746978
27Oct2025,C,28Nov2025,32,24.0,25.530000686645508,0.0409,-6.974749357576867,2.7350000000000003,1.0,0.5991251025390626,0.676267025759171
27Oct2025,C,19Dec2025,53,21.0,25.530000686645508,0.0409,-7.111689083534723,4.8,1.0,0.8798840136718749,0.7787377336664016
27Oct2025,C,20Mar2026,144,40.0,25.530000686645508,0.0409,-6.482101511588654,0.05,7.0,0.383795224609375,0.0469471668110586
27Oct2025,C,17Apr2026,172,37.0,25.530000686645508,0.0409,-6.564607497502811,0.175,155.0,0.393560751953125,0.1215957115970343
27Oct2025,C,18Jun2026,234,22.0,25.530000686645508,0.0409,-7.094545655201418,4.475,5.0,0.3337468969726562,0.7848304358444624
27Oct2025,P,07Nov2025,11,28.0,25.530000686645508,0.0409,-6.817190344416275,2.04,10.0,0.9521489160156248,-0.6803230396031097
27Oct2025,P,21Nov2025,25,36.0,25.530000686645508,0.0409,-6.568148138357592,10.6,1.0,0.94726615234375,-0.8945304753683859
27Oct2025,P,19Dec2025,53,18.0,25.530000686645508,0.0409,-7.265839763361981,0.065,10.0,0.5273484765625001,-0.0307991586081206
27Oct2025,P,16Jan2026,81,33.0,25.530000686645508,0.0409,-6.66424840423611,7.4,1.0,0.8906260937499999,-0.6481429640000416
27Oct2025,P,20Feb2026,116,28.0,25.530000686645508,0.0409,-6.834232011082942,3.1950000000000003,1.0,0.3855041918945311,-0.6012042633290109
27Oct2025,P,20Mar2026,144,39.0,25.530000686645508,0.0409,-6.507419319572945,13.425,2.0,0.8491226025390625,-0.690586857309415
27Oct2025,P,17Apr2026,172,27.0,25.530000686645508,0.0409,-6.879688544142706,2.415,4.0,0.2622144091796875,-0.5453567912383395
27Oct2025,P,18Sep2026,326,35.0,25.530000686645508,0.0409,-6.645171793102066,9.45,1.0,0.5109912182617188,-0.6316398293796051
28Oct2025,C,14Nov2025,17,29.0,25.700000762939453,0.0407,-6.789696105503832,0.0349999999999999,5.0,0.41992767578125,0.1026179052014943
28Oct2025,C,21Nov2025,24,28.5,25.700000762939453,0.0407,-6.8082184037712565,0.05,6.0,0.36133451171875,0.1489612503308785
28Oct2025,C,28Nov2025,31,29.0,25.700000762939453,0.0407,-6.791957216614943,0.04,16.0,0.3222724023437499,0.1145870607502251
28Oct2025,C,16Jan2026,80,34.0,25.700000762939453,0.0407,-6.640806410874144,0.025,1.0,0.33789724609375,0.0511614730586205
28Oct2025,C,20Mar2026,143,36.0,25.700000762939453,0.0407,-6.593822997034196,0.055,150.0,0.3281317187499999,0.0720594423348453
28Oct2025,C,17Apr2026,171,40.0,25.700000762939453,0.0407,-6.492984703598592,0.1,1.0,0.414068359375,0.0881985180858583
28Oct2025,C,18Jun2026,233,35.0,25.700000762939453,0.0407,-6.636529588286606,0.2199999999999999,12.0,0.3203192968749999,0.1642004212828454
28Oct2025,C,18Sep2026,325,40.0,25.700000762939453,0.0407,-6.517856925820814,0.125,2.0,0.2871165039062499,0.0863404753961498
28Oct2025,P,07Nov2025,10,22.0,25.700000762939453,0.0407,-7.064818926576434,0.025,24.0,0.51562984375,-0.0302524697003891
28Oct2025,P,21Nov2025,24,30.0,25.700000762939453,0.0407,-6.7569251093837055,4.575,1.0,0.8183611914062499,-0.7322245601080886
28Oct2025,P,28Nov2025,31,27.0,25.700000762939453,0.0407,-6.863416180597088,1.88,4.0,0.6552768847656252,-0.5575713446323922
28Oct2025,P,19Dec2025,52,29.0,25.700000762939453,0.0407,-6.795348883281609,4.0,11.0,0.3862366064453124,-0.7630021339314974
28Oct2025,P,16Jan2026,80,30.0,25.700000762939453,0.0407,-6.765969553828151,4.95,2.0,0.5893595751953126,-0.6518829973372372
28Oct2025,P,18Jun2026,233,23.0,25.700000762939453,0.0407,-7.056383433846871,1.0699999999999998,30.0,0.2658764819335937,-0.2263158706221611
28Oct2025,P,18Sep2026,325,32.0,25.700000762939453,0.0407,-6.741000477135024,6.85,2.0,0.3960021337890625,-0.6190202617191727
29Oct2025,C,21Nov2025,23,31.0,25.13999938964844,0.0403,-6.701906427984161,0.04,10.0,0.55273884765625,0.0774534542780551
29Oct2025,C,28Nov2025,30,28.0,25.13999938964844,0.0403,-6.804808566738548,0.075,65.0,0.34180345703125,0.1546424645273764
29Oct2025,C,19Dec2025,51,32.0,25.13999938964844,0.0403,-6.674635507447359,0.045,1.0,0.4101621484375,0.0721032259255344
29Oct2025,C,16Jan2026,79,35.0,25.13999938964844,0.0403,-6.589501126535449,0.06,16.0,0.4335994140625,0.0673000756802671
29Oct2025,C,20Mar2026,142,36.0,25.13999938964844,0.0403,-6.571405249568754,0.07,150.0,0.36133451171875,0.079136629492522
29Oct2025,C,17Apr2026,170,40.0,25.13999938964844,0.0403,-6.470522511688705,0.08,1.0,0.393560751953125,0.0636391141839886
29Oct2025,C,18Jun2026,232,31.0,25.13999938964844,0.0403,-6.735329840682574,0.425,1.0,0.2758861474609374,0.2338673934750774
29Oct2025,P,07Nov2025,9,29.0,25.13999938964844,0.0403,-6.766358913593945,4.475,1.0,0.79687703125,-0.8579105216269374
29Oct2025,P,14Nov2025,16,29.0,25.13999938964844,0.0403,-6.767478358038389,4.0,1.0,0.70898728515625,-0.8095180295475826
29Oct2025,P,21Nov2025,23,36.0,25.13999938964844,0.0403,-6.5523746940131975,11.15,2.0,1.5332054589843749,-0.7684927853562924
29Oct2025,P,20Feb2026,114,29.0,25.13999938964844,0.0403,-6.783150580260611,4.225,3.0,0.3208075732421874,-0.7378839149327303
29Oct2025,P,20Mar2026,142,27.0,25.13999938964844,0.0403,-6.859087322020534,2.94,1.0,0.254890263671875,-0.6067466568244183
30Oct2025,C,21Nov2025,22,29.5,24.68000030517578,0.0405,-6.732893941324571,0.055,4.0,0.48438015625,0.0777792267912848
30Oct2025,C,19Dec2025,50,31.0,24.68000030517578,0.0405,-6.687797000185199,0.055,2.0,0.3711000390625,0.0604654971476452
30Oct2025,C,16Jan2026,78,23.0,24.68000030517578,0.0405,-6.990789988741196,2.3,8.0,0.3222724023437499,0.727675882056524
30Oct2025,C,20Feb2026,113,29.0,24.68000030517578,0.0405,-6.764613374683871,0.255,1.0,0.278327529296875,0.1885684528350848
30Oct2025,C,20Mar2026,141,35.0,24.68000030517578,0.0405,-6.581061143180932,0.105,11.0,0.3496158789062499,0.0767784169123344
30Oct2025,C,17Apr2026,169,36.0,24.68000030517578,0.0405,-6.557390266214235,0.105,15.0,0.3476627734374999,0.0810119943147567
30Oct2025,C,18Sep2026,323,40.0,24.68000030517578,0.0405,-6.4767797505564095,0.14,5.0,0.30664755859375,0.0799355181637173
30Oct2025,P,14Nov2025,15,28.0,24.68000030517578,0.0405,-6.783954694495142,3.4,1.0,0.50586431640625,-0.8776322004478916
30Oct2025,P,21Nov2025,22,29.0,24.68000030517578,0.0405,-6.749988374683872,4.375,339.0,0.7041045214843751,-0.7974566323080827
30Oct2025,P,19Dec2025,50,38.0,24.68000030517578,0.0405,-6.48419804494396,13.625,1.0,0.8476577734374999,-0.8851482963631125
30Oct2025,P,16Jan2026,78,29.0,24.68000030517578,0.0405,-6.758988374683871,4.425,25.0,0.3891662646484375,-0.7759403885830513
30Oct2025,P,20Feb2026,113,27.0,24.68000030517578,0.0405,-6.836072338666017,2.87,10.0,0.2954172021484375,-0.651036401586896
30Oct2025,P,20Mar2026,141,30.0,24.68000030517578,0.0405,-6.73521182300819,5.5,1.0,0.336920693359375,-0.7742033342958223
30Oct2025,P,17Apr2026,169,23.0,24.68000030517578,0.0405,-7.005414988741196,1.0,318.0,0.2919992675781249,-0.29166046829642
30Oct2025,P,18Jun2026,231,35.0,24.68000030517578,0.0405,-6.595525428895217,10.325,10.0,0.3466862207031249,-0.8498652308433774
30Oct2025,P,18Sep2026,323,27.0,24.68000030517578,0.0405,-6.869822338666016,3.5750000000000006,3.0,0.2601392346191406,-0.5391622243561924
31Oct2025,C,14Nov2025,14,29.0,24.75,0.0405,-6.751534938010362,0.03,7.0,0.48438015625,0.0540619352610324
31Oct2025,C,21Nov2025,21,31.0,24.75,0.0405,-6.68596856351169,0.045,10.0,0.5117236328125,0.0397107885929792
31Oct2025,C,28Nov2025,28,28.0,24.75,0.0405,-6.788876257821633,0.0349999999999999,17.0,0.2929758203124999,0.0747066759356569
31Oct2025,C,05Dec2025,35,29.0,24.75,0.0405,-6.754909938010362,0.04,1.0,0.30664755859375,0.0569976705093104
31Oct2025,C,19Dec2025,49,31.0,24.75,0.0405,-6.69046856351169,0.055,2.0,0.37500625,0.0629529287879122
31Oct2025,C,16Jan2026,77,37.0,24.75,0.0405,-6.518037855352612,0.03,4.0,0.4492242578124999,0.0355991425405769
31Oct2025,C,20Feb2026,112,31.0,24.75,0.0405,-6.70059356351169,0.14,1.0,0.2841868457031249,0.101571377717382
31Oct2025,C,20Mar2026,140,40.0,24.75,0.0405,-6.4502013138829,0.065,2.0,0.4179745703124999,0.0479522534539269
31Oct2025,C,17Apr2026,168,33.0,24.75,0.0405,-6.647073206530356,0.265,53.0,0.352545537109375,0.1573854984278546
31Oct2025,C,18Jun2026,230,35.0,24.75,0.0405,-6.598196992221708,0.215,1.0,0.3071358349609374,0.1160993925776857
31Oct2025,C,18Sep2026,322,32.0,24.75,0.0405,-6.70259486519711,0.82,8.0,0.3513248461914062,0.3066766177404606
31Oct2025,P,14Nov2025,14,26.0,24.75,0.0405,-6.860734229975354,1.3,6.0,0.24805439453125,-0.8309540259739538
31Oct2025,P,21Nov2025,21,28.0,24.75,0.0405,-6.787751257821633,3.275,5.0,0.42774009765625,-0.8704509813345458
31Oct2025,P,28Nov2025,28,27.0,24.75,0.0405,-6.825243901992508,2.34,1.0,0.40820904296875,-0.7535117744890876
31Oct2025,P,05Dec2025,35,25.0,24.75,0.0405,-6.903329943128636,0.74,42.0,0.2338943798828124,-0.5195121662713629
31Oct2025,P,19Dec2025,49,29.0,24.75,0.0405,-6.757159938010362,4.25,5.0,0.43164630859375,-0.8128766305587687
31Oct2025,P,16Jan2026,77,35.0,24.75,0.0405,-6.573607706507422,10.2,1.0,0.85937640625,-0.7450218601849137
31Oct2025,P,20Feb2026,112,25.0,24.75,0.0405,-6.915704943128636,1.5,2.0,0.2553785400390626,-0.4651229640651984
31Oct2025,P,20Mar2026,140,40.0,24.75,0.0405,-6.4502013138829,15.275,1.0,0.8105487695312499,-0.7499578109376388
31Oct2025,P,17Apr2026,168,26.0,24.75,0.0405,-6.885484229975354,2.4100000000000006,15.0,0.266608896484375,-0.5314451659067854
31Oct2025,P,18Jun2026,230,30.0,24.75,0.0405,-6.752347672048967,5.9,10.0,0.3591372680664062,-0.6710159492724033
31Oct2025,P,18Sep2026,322,25.0,24.75,0.0405,-6.949454943128636,2.425,19.0,0.2553785400390626,-0.4102172550123719
03Nov2025,C,14Nov2025,11,,24.530000686645508,0.0406,-7.064901949743405,3.525000000000001,312.0,0.5976602734375001,0.9407616051670696
03Nov2025,C,14Nov2025,11,,24.530000686645508,0.0406,-6.931370557118882,0.75,667.0,0.2910227148437499,0.6850368248666021
03Nov2025,C,14Nov2025,11,,24.530000686645508,0.0406,-6.910751269916147,0.45,1809.0,0.2910227148437499,0.529376279629425
03Nov2025,C,14Nov2025,11,,24.530000686645508,0.0406,-6.890548562598627,0.205,1034.0,0.241218525390625,0.3434499784939967
03Nov2025,C,14Nov2025,11,,24.530000686645508,0.0406,-6.870745935302447,0.075,377.0,0.23242955078125,0.1812437129381292
03Nov2025,C,14Nov2025,11,,24.530000686645508,0.0406,-6.851327849445346,0.04,119.0,0.25586681640625,0.1037442359122775
03Nov2025,C,14Nov2025,11,,24.530000686645508,0.0406,-6.777219877291624,0.03,75.0,0.476567734375,0.0614066230110803
03Nov2025,C,14Nov2025,11,,24.530000686645508,0.0406,-6.742128557480354,0.03,122.0,0.5195360546875,0.0361378912833813
03Nov2025,C,21Nov2025,18,,24.530000686645508,0.0406,-7.01950971188629,2.63,11.0,0.49805189453125,0.8548810875102613
03Nov2025,C,21Nov2025,18,,24.530000686645508,0.0406,-6.9324983348966605,0.8300000000000001,112.0,0.2929758203124999,0.6550666046148781
03Nov2025,C,21Nov2025,18,,24.530000686645508,0.0406,-6.911879047693925,0.56,1823.0,0.264655791015625,0.5335812516392965
03Nov2025,C,21Nov2025,18,,24.530000686645508,0.0406,-6.891676340376405,0.315,1037.0,0.242195078125,0.3863851308283137
03Nov2025,C,21Nov2025,18,,24.530000686645508,0.0406,-6.871873713080226,0.17,1857.0,0.2392654199218749,0.2528212803506238
03Nov2025,C,21Nov2025,18,,24.530000686645508,0.0406,-6.852455627223124,0.09,783.0,0.245124736328125,0.1574092027516522
03Nov2025,C,21Nov2025,18,,24.530000686645508,0.0406,-6.83340743225243,0.03,117.0,0.257819921875,0.0992888448287165
03Nov2025,C,21Nov2025,18,,24.530000686645508,0.0406,-6.814715299240277,0.04,505.0,0.2890696093749999,0.0761789031610176
03Nov2025,C,28Nov2025,25,,24.530000686645508,0.0406,-7.020637489664068,2.5,1.0,0.596683720703125,0.786099549609359
03Nov2025,C,28Nov2025,25,,24.530000686645508,0.0406,-6.933626112674438,0.94,255.0,0.35938140625,0.6212752632338256
03Nov2025,C,28Nov2025,25,,24.530000686645508,0.0406,-6.892804118154183,0.4,381.0,0.242195078125,0.4114342177940009
03Nov2025,C,28Nov2025,25,,24.530000686645508,0.0406,-6.853583405000902,0.135,510.0,0.2392654199218749,0.1966322270986693
03Nov2025,C,28Nov2025,25,,24.530000686645508,0.0406,-6.815843077018054,0.055,33.0,0.257819921875,0.0890031930428527
03Nov2025,C,05Dec2025,32,,24.530000686645508,0.0406,-6.934753890452216,1.01,10.0,0.299811689453125,0.6295039706632495
03Nov2025,C,05Dec2025,32,,24.530000686645508,0.0406,-6.893931895931961,0.4949999999999999,403.0,0.2500075,0.4319991403148343
03Nov2025,C,05Dec2025,32,,24.530000686645508,0.0406,-6.854711182778679,0.205,128.0,0.2500075,0.24161608185541
03Nov2025,C,05Dec2025,32,,24.530000686645508,0.0406,-6.816970854795833,0.06,25.0,0.273444765625,0.1355553035808043
03Nov2025,C,05Dec2025,32,,24.530000686645508,0.0406,-6.780603210624958,0.05,12.0,0.32617861328125,0.099432337924978
03Nov2025,C,05Dec2025,32,,24.530000686645508,0.0406,-6.745511890813687,0.0349999999999999,150.0,0.3476627734374999,0.0617653030381961
03Nov2025,C,12Dec2025,39,,24.530000686645508,0.0406,-6.8950596737097385,0.5700000000000001,5.0,0.264655791015625,0.449872524285493
03Nov2025,C,12Dec2025,39,,24.530000686645508,0.0406,-6.855838960556457,0.26,56.0,0.2583081982421875,0.2756925770954429
03Nov2025,C,12Dec2025,39,,24.530000686645508,0.0406,-6.81809863257361,0.17,150.0,0.3544986425781249,0.2319118976728086
03Nov2025,C,19Dec2025,46,,24.530000686645508,0.0406,-6.937009446007771,1.225,38.0,0.2890696093749999,0.6232482699365126
03Nov2025,C,19Dec2025,46,,24.530000686645508,0.0406,-6.896187451487516,0.685,551.0,0.2612378564453125,0.458940452105453
03Nov2025,C,19Dec2025,46,,24.530000686645508,0.0406,-6.8569667383342345,0.35,597.0,0.258796474609375,0.2974165575032447
03Nov2025,C,19Dec2025,46,,24.530000686645508,0.0406,-6.819226410351388,0.18,1249.0,0.2724682128906249,0.1865718687416081
03Nov2025,C,19Dec2025,46,,24.530000686645508,0.0406,-6.782858766180513,0.0849999999999999,385.0,0.26563234375,0.0965206723352428
03Nov2025,C,19Dec2025,46,,24.530000686645508,0.0406,-6.7477674463692425,0.055,37.0,0.2890696093749999,0.0629998298709168
03Nov2025,C,16Jan2026,74,,24.530000686645508,0.0406,-7.123842113912837,4.75,253.0,0.407232490234375,0.8943532411113662
03Nov2025,C,16Jan2026,74,,24.530000686645508,0.0406,-7.028531934108512,2.88,39.0,0.3466862207031249,0.7961968937395958
03Nov2025,C,16Jan2026,74,,24.530000686645508,0.0406,-6.941520557118882,1.4249999999999998,230.0,0.26758544921875,0.6216637012000221
03Nov2025,C,16Jan2026,74,,24.530000686645508,0.0406,-6.900698562598628,0.895,561.0,0.2539137109375,0.4853052507915842
03Nov2025,C,16Jan2026,74,,24.530000686645508,0.0406,-6.861477849445346,0.53,370.0,0.24805439453125,0.3476999858381213
03Nov2025,C,16Jan2026,74,,24.530000686645508,0.0406,-6.823737521462499,0.315,1584.0,0.2539137109375,0.2388526764767978
03Nov2025,C,16Jan2026,74,,24.530000686645508,0.0406,-6.787369877291624,0.19,315.0,0.2724682128906249,0.1710525767439908
03Nov2025,C,16Jan2026,74,,24.530000686645508,0.0406,-6.752278557480354,0.105,1241.0,0.2617261328125,0.0982282443778672
03Nov2025,C,16Jan2026,74,,24.530000686645508,0.0406,-6.718377005804673,0.075,364.0,0.2793040820312499,0.0704666251320388
03Nov2025,C,16Jan2026,74,,24.530000686645508,0.0406,-6.685587182981682,0.095,1.0,0.3554751953124999,0.0915823077167785
03Nov2025,C,16Jan2026,74,,24.530000686645508,0.0406,-6.6538384846671015,0.0449999999999999,95.0,0.3183661914062499,0.0422290239670035
03Nov2025,C,16Jan2026,74,,24.530000686645508,0.0406,-6.623066826000348,0.055,16.0,0.36914693359375,0.0492797818766995
03Nov2025,C,16Jan2026,74,,24.530000686645508,0.0406,-6.593213862850667,0.03,9.0,0.37500625,0.0359106919584961
03Nov2025,C,16Jan2026,74,,24.530000686645508,0.0406,-6.564226325977415,0.035,19.0,0.4023497265625,0.0339237818518594
03Nov2025,C,20Feb2026,109,,24.530000686645508,0.0406,-6.947159446007771,1.6949999999999998,1.0,0.2724682128906249,0.6188937840942406
03Nov2025,C,20Feb2026,109,,24.530000686645508,0.0406,-6.906337451487516,1.185,7.0,0.26563234375,0.5101159068460016
03Nov2025,C,20Feb2026,109,,24.530000686645508,0.0406,-6.867116738334235,0.8,29.0,0.2612378564453125,0.400764176014676
03Nov2025,C,20Feb2026,109,,24.530000686645508,0.0406,-6.829376410351387,0.53,230.0,0.2612378564453125,0.3030201434528964
03Nov2025,C,20Feb2026,109,,24.530000686645508,0.0406,-6.793008766180513,0.35,136.0,0.264655791015625,0.2240230521638527
03Nov2025,C,20Feb2026,109,,24.530000686645508,0.0406,-6.7240158946935615,0.1649999999999999,78.0,0.2793040820312499,0.1223914621756366
03Nov2025,C,20Mar2026,137,,24.530000686645508,0.0406,-6.951670557118883,1.76,26.0,0.2856516748046874,0.6176800177165849
03Nov2025,C,20Mar2026,137,,24.530000686645508,0.0406,-6.910848562598627,1.305,352.0,0.2719799365234374,0.5242683314746611
03Nov2025,C,20Mar2026,137,,24.530000686645508,0.0406,-6.871627849445346,0.98,234.0,0.2885813330078124,0.4385719667853013
03Nov2025,C,20Mar2026,137,,24.530000686645508,0.0406,-6.833887521462499,0.685,76.0,0.2680737255859374,0.3411762778561296
03Nov2025,C,20Mar2026,137,,24.530000686645508,0.0406,-6.7975198772916245,0.475,86.0,0.26758544921875,0.263647487608561
03Nov2025,C,20Mar2026,137,,24.530000686645508,0.0406,-6.762428557480354,0.29,43.0,0.2851633984374999,0.2166384408729655
03Nov2025,C,20Mar2026,137,,24.530000686645508,0.0406,-6.728527005804673,0.225,234.0,0.2724682128906249,0.1512337346705061
03Nov2025,C,20Mar2026,137,,24.530000686645508,0.0406,-6.574376325977414,0.105,4.0,0.362311064453125,0.0775558937893024
03Nov2025,C,17Apr2026,165,,24.530000686645508,0.0406,-6.915359673709738,1.42,123.0,0.2661206201171875,0.5342537522726798
03Nov2025,C,17Apr2026,165,,24.530000686645508,0.0406,-6.876138960556458,1.03,20.0,0.2629468237304688,0.4455200750743948
03Nov2025,C,17Apr2026,165,,24.530000686645508,0.0406,-6.83839863257361,0.735,15.0,0.2595288891601562,0.360400132073877
03Nov2025,C,17Apr2026,165,,24.530000686645508,0.0406,-6.802030988402735,0.55,160.0,0.2612378564453125,0.2874123439508261
03Nov2025,C,17Apr2026,165,,24.530000686645508,0.0406,-6.766939668591465,0.42,1.0,0.2751537329101562,0.2378755225621231
03Nov2025,C,17Apr2026,165,,24.530000686645508,0.0406,-6.733038116915784,0.39,39.0,0.3120185986328124,0.2214892473903672
03Nov2025,C,17Apr2026,165,,24.530000686645508,0.0406,-6.700248294092793,0.325,2.0,0.3281317187499999,0.1928178281042809
03Nov2025,C,17Apr2026,165,,24.530000686645508,0.0406,-6.637727937111459,0.13,1.0,0.3252020605468749,0.122355527151509
03Nov2025,C,17Apr2026,165,,24.530000686645508,0.0406,-6.445356044464003,0.14,104.0,0.47461462890625,0.0942084063689395
03Nov2025,C,18Jun2026,227,,24.530000686645508,0.0406,-6.925348562598627,1.8100000000000005,54.0,0.2954172021484375,0.5570139538934437
03Nov2025,C,18Jun2026,227,,24.530000686645508,0.0406,-6.886127849445346,1.33,7.0,0.2663647583007812,0.4793324741359402
03Nov2025,C,18Jun2026,227,,24.530000686645508,0.0406,-6.8120198772916245,0.7749999999999999,49.0,0.2749095947265625,0.3499657784182516
03Nov2025,C,18Jun2026,227,,24.530000686645508,0.0406,-6.743027005804673,0.505,47.0,0.2751537329101562,0.2410805390387501
03Nov2025,C,18Jun2026,227,,24.530000686645508,0.0406,-6.678488484667102,0.24,286.0,0.2885813330078124,0.1727455166192948
03Nov2025,C,18Jun2026,227,,24.530000686645508,0.0406,-6.588876325977414,0.1749999999999999,3.0,0.30274134765625,0.1031715661594168
03Nov2025,C,18Sep2026,319,,24.530000686645508,0.0406,-7.023552393759901,3.2,1.0,0.2841868457031249,0.6945561582284471
03Nov2025,C,18Sep2026,319,,24.530000686645508,0.0406,-6.940170784820849,2.055,64.0,0.2623364782714844,0.575314418908428
03Nov2025,C,18Sep2026,319,,24.530000686645508,0.0406,-6.863209743684721,1.365,10.0,0.257819921875,0.4481580881956341
03Nov2025,C,18Sep2026,319,,24.530000686645508,0.0406,-6.757849228026895,0.73,6.0,0.2653882055664062,0.2931204778708294
03Nov2025,C,18Sep2026,319,,24.530000686645508,0.0406,-6.693310706889323,0.48,36.0,0.273444765625,0.2196728429018429
03Nov2025,P,14Nov2025,11,,24.530000686645508,0.0406,-7.401374186364618,0.085,1.0,1.61328318359375,-0.0286783465908181
03Nov2025,P,14Nov2025,11,,24.530000686645508,0.0406,-7.018381934108512,0.045,14.0,0.4687553125,-0.0817498817822541
03Nov2025,P,14Nov2025,11,,24.530000686645508,0.0406,-6.973930171537679,0.0699999999999999,87.0,0.3632876171875,-0.1418337537613307
03Nov2025,P,14Nov2025,11,,24.530000686645508,0.0406,-6.931370557118882,0.185,1206.0,0.2382888671874999,-0.2815331275527087
03Nov2025,P,14Nov2025,11,,24.530000686645508,0.0406,-6.910751269916147,0.36,122.0,0.2265702343749999,-0.4673680027412975
03Nov2025,P,14Nov2025,11,,24.530000686645508,0.0406,-6.890548562598627,0.665,29.0,0.273444765625,-0.636942606966493
03Nov2025,P,14Nov2025,11,,24.530000686645508,0.0406,-6.870745935302447,1.1,11.0,0.3711000390625,-0.709107464661322
03Nov2025,P,14Nov2025,11,,24.530000686645508,0.0406,-6.851327849445346,1.54,22.0,0.4257869921875,-0.7684820526061726
03Nov2025,P,21Nov2025,18,,24.530000686645508,0.0406,-7.066029727521182,0.025,2.0,0.4335994140625,-0.0462303892878331
03Nov2025,P,21Nov2025,18,,24.530000686645508,0.0406,-6.997036856034232,0.0499999999999999,5.0,0.3203192968749999,-0.1006113517867837
03Nov2025,P,21Nov2025,18,,24.530000686645508,0.0406,-6.975057949315456,0.08,61.0,0.2753978710937499,-0.1321302036318108
03Nov2025,P,21Nov2025,18,,24.530000686645508,0.0406,-6.9324983348966605,0.29,188.0,0.24805439453125,-0.3226072852334192
03Nov2025,P,21Nov2025,18,,24.530000686645508,0.0406,-6.911879047693925,0.485,78.0,0.2417068017578125,-0.4653601093623416
03Nov2025,P,21Nov2025,18,,24.530000686645508,0.0406,-6.891676340376405,0.77,1626.0,0.2617261328125,-0.6037362070951777
03Nov2025,P,21Nov2025,18,,24.530000686645508,0.0406,-6.871873713080226,1.06,15.0,0.273444765625,-0.7174626829435177
03Nov2025,P,21Nov2025,18,,24.530000686645508,0.0406,-6.852455627223124,1.625,52.0,0.37500625,-0.7366925459815636
03Nov2025,P,21Nov2025,18,,24.530000686645508,0.0406,-6.814715299240277,2.6,44.0,0.5019581054687501,-0.7843545534051646
03Nov2025,P,21Nov2025,18,,24.530000686645508,0.0406,-6.7783476550694015,3.575,2113.0,0.5898478515625001,-0.8236329762423691
03Nov2025,P,28Nov2025,25,,24.530000686645508,0.0406,-6.976185727093234,0.13,45.0,0.2539137109375,-0.1481894783189087
03Nov2025,P,28Nov2025,25,,24.530000686645508,0.0406,-6.933626112674438,0.35,149.0,0.2363357617187499,-0.3339484166473137
03Nov2025,P,28Nov2025,25,,24.530000686645508,0.0406,-6.892804118154183,0.815,22.0,0.2226640234374999,-0.5982533096359615
03Nov2025,P,28Nov2025,25,,24.530000686645508,0.0406,-6.853583405000902,1.525,7.0,0.2832102929687499,-0.7613449938872083
03Nov2025,P,28Nov2025,25,,24.530000686645508,0.0406,-6.77947543284718,3.19,3.0,0.5585981640625001,-0.7918651391324087
03Nov2025,P,05Dec2025,32,,24.530000686645508,0.0406,-7.021765267441846,0.105,1.0,0.36133451171875,-0.1347527261974
03Nov2025,P,05Dec2025,32,,24.530000686645508,0.0406,-6.977313504871011,0.1699999999999999,27.0,0.26758544921875,-0.1847540735894197
03Nov2025,P,05Dec2025,32,,24.530000686645508,0.0406,-6.934753890452216,0.375,49.0,0.2563550927734375,-0.3547177753246203
03Nov2025,P,05Dec2025,32,,24.530000686645508,0.0406,-6.893931895931961,0.96,10.0,0.3061592822265625,-0.5496472114532596
03Nov2025,P,05Dec2025,32,,24.530000686645508,0.0406,-6.854711182778679,1.685,1.0,0.3544986425781249,-0.6801347682606765
03Nov2025,P,12Dec2025,39,,24.530000686645508,0.0406,-6.935881668229993,0.485,1.0,0.2651440673828125,-0.3648915621467461
03Nov2025,P,12Dec2025,39,,24.530000686645508,0.0406,-6.8950596737097385,0.935,2.0,0.2329178271484375,-0.561286399336532
03Nov2025,P,19Dec2025,46,,24.530000686645508,0.0406,-7.070540838632294,0.05,1.0,0.3183661914062499,-0.0699019759913319
03Nov2025,P,19Dec2025,46,,24.530000686645508,0.0406,-7.024020822997401,0.16,47.0,0.3115303222656249,-0.1387769650788857
03Nov2025,P,19Dec2025,46,,24.530000686645508,0.0406,-6.979569060426567,0.275,184.0,0.2509840527343749,-0.2047458531228543
03Nov2025,P,19Dec2025,46,,24.530000686645508,0.0406,-6.937009446007771,0.5549999999999999,454.0,0.2353592089843749,-0.3577639458937606
03Nov2025,P,19Dec2025,46,,24.530000686645508,0.0406,-6.896187451487516,1.03,72.0,0.2290116162109375,-0.5516603581728187
03Nov2025,P,19Dec2025,46,,24.530000686645508,0.0406,-6.8569667383342345,1.7599999999999998,16.0,0.2753978710937499,-0.6893712724706064
03Nov2025,P,19Dec2025,46,,24.530000686645508,0.0406,-6.819226410351388,2.5,5.0,0.2724682128906249,-0.8134281312583919
03Nov2025,P,16Jan2026,74,,24.530000686645508,0.0406,-7.123842113912837,0.1,67.0,0.3320379296875,-0.0674039159676774
03Nov2025,P,16Jan2026,74,,24.530000686645508,0.0406,-7.075051949743405,0.175,58.0,0.309577216796875,-0.1068595328575776
03Nov2025,P,16Jan2026,74,,24.530000686645508,0.0406,-7.028531934108512,0.29,807.0,0.278327529296875,-0.1593960680263535
03Nov2025,P,16Jan2026,74,,24.530000686645508,0.0406,-6.984080171537679,0.505,36.0,0.2631909619140625,-0.2507389412599649
03Nov2025,P,16Jan2026,74,,24.530000686645508,0.0406,-6.941520557118882,0.8350000000000001,5131.0,0.2514723291015625,-0.3736432283074713
03Nov2025,P,16Jan2026,74,,24.530000686645508,0.0406,-6.900698562598628,1.335,379.0,0.247077841796875,-0.5163450631364026
03Nov2025,P,16Jan2026,74,,24.530000686645508,0.0406,-6.861477849445346,2.0,14.0,0.2880930566406249,-0.6256473553293516
03Nov2025,P,16Jan2026,74,,24.530000686645508,0.0406,-6.823737521462499,2.795,82.0,0.3007882421875,-0.7190060118407748
03Nov2025,P,20Feb2026,109,,24.530000686645508,0.0406,-6.989719060426567,0.75,15.0,0.27149166015625,-0.2775975384110425
03Nov2025,P,20Feb2026,109,,24.530000686645508,0.0406,-6.947159446007771,1.115,11.0,0.262702685546875,-0.3788932630801719
03Nov2025,P,20Feb2026,109,,24.530000686645508,0.0406,-6.829376410351387,2.955,60.0,0.2793040820312499,-0.6818296629350344
03Nov2025,P,20Mar2026,137,,24.530000686645508,0.0406,-7.085201949743405,0.325,301.0,0.336920693359375,-0.1762471523931073
03Nov2025,P,20Mar2026,137,,24.530000686645508,0.0406,-7.038681934108512,0.575,84.0,0.2749095947265625,-0.2058220979851184
03Nov2025,P,20Mar2026,137,,24.530000686645508,0.0406,-6.994230171537678,0.835,66.0,0.262702685546875,-0.2825412106629864
03Nov2025,P,20Mar2026,137,,24.530000686645508,0.0406,-6.951670557118883,1.2,9.0,0.2534254345703125,-0.3758243527418068
03Nov2025,P,20Mar2026,137,,24.530000686645508,0.0406,-6.910848562598627,1.71,829.0,0.2788158056640625,-0.4746787812529713
03Nov2025,P,17Apr2026,165,,24.530000686645508,0.0406,-7.043193045219623,0.745,40.0,0.2871165039062499,-0.2249795475786085
03Nov2025,P,17Apr2026,165,,24.530000686645508,0.0406,-6.99874128264879,1.135,359.0,0.3083565258789062,-0.3075434007061801
03Nov2025,P,17Apr2026,165,,24.530000686645508,0.0406,-6.956181668229994,1.435,141.0,0.2680737255859374,-0.3770883465483663
03Nov2025,P,17Apr2026,165,,24.530000686645508,0.0406,-6.876138960556458,2.67,20.0,0.3051827294921875,-0.5364910152523608
03Nov2025,P,17Apr2026,165,,24.530000686645508,0.0406,-6.733038116915784,6.375,2.0,0.5085498364257812,-0.6421048638084332
03Nov2025,P,18Jun2026,227,,24.530000686645508,0.0406,-7.099701949743405,0.72,1.0,0.2910227148437499,-0.1835901983230539
03Nov2025,P,18Jun2026,227,,24.530000686645508,0.0406,-7.008730171537678,1.35,16.0,0.3007882421875,-0.3097517246103034
03Nov2025,P,18Jun2026,227,,24.530000686645508,0.0406,-6.9661705571188826,1.6800000000000002,5.0,0.26563234375,-0.3708710191511311
03Nov2025,P,18Jun2026,227,,24.530000686645508,0.0406,-6.886127849445346,2.915,1.0,0.2890696093749999,-0.5121881254569363
03Nov2025,P,18Jun2026,227,,24.530000686645508,0.0406,-6.848387521462499,3.475,16.0,0.2651440673828125,-0.5923228093309683
03Nov2025,P,18Sep2026,319,,24.530000686645508,0.0406,-6.940170784820849,2.52,12.0,0.2570875073242187,-0.4251086042038373
03Nov2025,P,18Sep2026,319,,24.530000686645508,0.0406,-6.757849228026895,6.449999999999999,2.0,0.3659731372070312,-0.6230822145598507
03Nov2025,C,14Nov2025,11,,24.530000686645508,0.0406,-7.018381934108512,2.935,2.0,0.8632826171875,0.790869747376318
03Nov2025,C,14Nov2025,11,,24.530000686645508,0.0406,-6.973930171537679,1.51,10.0,0.4804739453125,0.7963043600915352
03Nov2025,C,14Nov2025,11,,24.530000686645508,0.0406,-6.725034124121054,0.125,1.0,0.76367423828125,0.094068496343345
03Nov2025,C,21Nov2025,18,,24.530000686645508,0.0406,-7.066029727521182,3.6,1.0,0.56836369140625,0.9048998348836628
03Nov2025,C,21Nov2025,18,,24.530000686645508,0.0406,-6.997036856034232,2.125,1.0,0.629886513671875,0.758597658867645
03Nov2025,C,21Nov2025,18,,24.530000686645508,0.0406,-6.67656496075946,0.035,111.0,0.5546919531250001,0.0341864387347594
03Nov2025,C,21Nov2025,18,,24.530000686645508,0.0406,-6.527033226788496,0.06,1.0,0.9023447265625,0.0355957352182566
03Nov2025,C,21Nov2025,18,,24.530000686645508,0.0406,-6.42167271113067,0.06,1.0,1.09375453125,0.0298165359949032
03Nov2025,C,19Dec2025,46,,24.530000686645508,0.0406,-7.119331002801726,4.375,5.0,0.5039112109375,0.8960448243610912
03Nov2025,C,19Dec2025,46,,24.530000686645508,0.0406,-7.024020822997401,2.725,1.0,0.5390671093750001,0.755291753163587
03Nov2025,C,16Jan2026,74,,24.530000686645508,0.0406,-7.229202629570663,6.7,1.0,0.543949873046875,0.9221724883371384
03Nov2025,C,16Jan2026,74,,24.530000686645508,0.0406,-6.984080171537679,2.195,7.0,0.395513857421875,0.6903704215040564
03Nov2025,C,20Feb2026,109,,24.530000686645508,0.0406,-7.129481002801726,4.800000000000001,4.0,0.5400436621093752,0.8106919104055513
03Nov2025,C,20Feb2026,109,,24.530000686645508,0.0406,-7.034170822997401,2.9,1.0,0.3618227880859375,0.7613695886360388
03Nov2025,C,20Mar2026,137,,24.530000686645508,0.0406,-7.133992113912837,4.9,12.0,0.5048877636718749,0.8061973465336563
03Nov2025,C,20Mar2026,137,,24.530000686645508,0.0406,-6.695737182981682,0.15,37.0,0.2954172021484375,0.131631843092675
03Nov2025,C,20Mar2026,137,,24.530000686645508,0.0406,-6.663988484667102,0.13,5.0,0.3193427441406249,0.1183921581258098
03Nov2025,C,20Mar2026,137,,24.530000686645508,0.0406,-6.633216826000348,0.115,2.0,0.340826904296875,0.1069139527536485
03Nov2025,C,20Mar2026,137,,24.530000686645508,0.0406,-6.603363862850666,0.14,2.0,0.39649041015625,0.1230699974192272
03Nov2025,C,20Mar2026,137,,24.530000686645508,0.0406,-6.546205449010718,0.0499999999999999,150.0,0.3505924316406249,0.0539525952436547
03Nov2025,C,20Mar2026,137,,24.530000686645508,0.0406,-6.440844933352892,0.06,1.0,0.4160214648437499,0.0417008134581618
03Nov2025,C,17Apr2026,165,,24.530000686645508,0.0406,-7.138503225023948,4.75,20.0,0.3354558642578125,0.8641936839320514
03Nov2025,C,17Apr2026,165,,24.530000686645508,0.0406,-6.956181668229994,1.95,1.0,0.2885813330078124,0.6195056148479121
03Nov2025,C,18Jun2026,227,,24.530000686645508,0.0406,-7.148492113912837,4.9,6.0,0.3169013623046874,0.8515097946714745
03Nov2025,C,18Jun2026,227,,24.530000686645508,0.0406,-7.053181934108513,3.4249999999999994,3.0,0.2895578857421874,0.7584886558484207
03Nov2025,C,18Jun2026,227,,24.530000686645508,0.0406,-7.008730171537678,2.805,46.0,0.2793040820312499,0.6974759879348041
03Nov2025,C,18Jun2026,227,,24.530000686645508,0.0406,-6.9661705571188826,2.285,20.0,0.2856516748046874,0.626154715193746
03Nov2025,C,18Jun2026,227,,24.530000686645508,0.0406,-6.848387521462499,1.11,72.0,0.2873606420898437,0.4212773658509817
03Nov2025,P,14Nov2025,11,,24.530000686645508,0.0406,-6.813587521462499,2.41,3.0,0.5800823242187501,-0.8133226639944249
03Nov2025,P,14Nov2025,11,,24.530000686645508,0.0406,-6.795238382794302,3.0,1.0,0.9101571484375,-0.7378033595191636
03Nov2025,P,14Nov2025,11,,24.530000686645508,0.0406,-6.777219877291624,3.8,100.0,0.7304714453125,-0.8340515955627261
03Nov2025,P,21Nov2025,18,,24.530000686645508,0.0406,-7.01950971188629,0.04,15.0,0.35742830078125,-0.0754553743046585
03Nov2025,P,21Nov2025,18,,24.530000686645508,0.0406,-6.83340743225243,2.025,2.0,0.47461462890625,-0.7457652518525303
03Nov2025,P,21Nov2025,18,,24.530000686645508,0.0406,-6.743256335258132,4.725,1608.0,0.5976602734375001,-0.8809649910920976
03Nov2025,P,21Nov2025,18,,24.530000686645508,0.0406,-6.709354783582451,5.5,1.0,0.976562734375,-0.7911917795490925
03Nov2025,P,28Nov2025,25,,24.530000686645508,0.0406,-7.067157505298961,0.05,10.0,0.4257869921875,-0.070106870230215
03Nov2025,P,28Nov2025,25,,24.530000686645508,0.0406,-7.020637489664068,0.09,1.0,0.3632876171875,-0.1109108999035771
03Nov2025,P,12Dec2025,39,,24.530000686645508,0.0406,-6.97844128264879,0.26,1.0,0.2724682128906249,-0.2071511929968472
03Nov2025,P,12Dec2025,39,,24.530000686645508,0.0406,-6.855838960556457,1.765,1.0,0.3198310205078124,-0.6782902899455532
03Nov2025,P,19Dec2025,46,,24.530000686645508,0.0406,-7.281849932299501,0.08,1.0,0.6015664843750002,-0.0323186648134208
03Nov2025,P,19Dec2025,46,,24.530000686645508,0.0406,-7.224691518459553,0.26,20.0,0.6904327832031252,-0.0798249268700095
03Nov2025,P,19Dec2025,46,,24.530000686645508,0.0406,-6.7477674463692425,4.125,3.0,0.4648491015625,-0.8161739615577733
03Nov2025,P,16Jan2026,74,,24.530000686645508,0.0406,-8.040132845786992,0.05,10.0,1.1953165234375,-0.0089855171336732
03Nov2025,P,16Jan2026,74,,24.530000686645508,0.0406,-6.752278557480354,4.6,6.0,0.46289599609375,-0.7451967127562888
03Nov2025,P,16Jan2026,74,,24.530000686645508,0.0406,-6.623066826000348,8.55,1.0,0.6621127539062501,-0.7933900135261609
03Nov2025,P,20Feb2026,109,,24.530000686645508,0.0406,-7.080690838632294,0.5,25.0,0.4096738720703125,-0.1948618870437339
03Nov2025,P,20Feb2026,109,,24.530000686645508,0.0406,-7.034170822997401,0.485,2612.0,0.278327529296875,-0.1917541637691673
03Nov2025,P,20Feb2026,109,,24.530000686645508,0.0406,-6.867116738334235,2.36,1.0,0.3090889404296875,-0.5746906894248132
03Nov2025,P,20Mar2026,137,,24.530000686645508,0.0406,-7.296511043410612,0.115,1.0,0.40430283203125,-0.0478823490579436
03Nov2025,P,20Mar2026,137,,24.530000686645508,0.0406,-7.239352629570663,0.36,20.0,0.5576216113281252,-0.131048079971077
03Nov2025,P,20Mar2026,137,,24.530000686645508,0.0406,-7.185285408300388,0.2,1.0,0.3457096679687499,-0.0831824351112333
03Nov2025,P,20Mar2026,137,,24.530000686645508,0.0406,-7.133992113912837,0.335,3.0,0.3544986425781249,-0.1316105433717891
03Nov2025,P,20Mar2026,137,,24.530000686645508,0.0406,-6.871627849445346,2.36,25.0,0.2617261328125,-0.5744636964486973
03Nov2025,P,18Jun2026,227,,24.530000686645508,0.0406,-7.436174186364618,0.075,20.0,0.39649041015625,-0.0351401745838203
03Nov2025,P,18Jun2026,227,,24.530000686645508,0.0406,-7.253852629570663,0.28,20.0,0.327155166015625,-0.0768510810652102
03Nov2025,P,18Jun2026,227,,24.530000686645508,0.0406,-7.148492113912837,0.55,34.0,0.3212958496093749,-0.151010772565816
03Nov2025,P,18Jun2026,227,,24.530000686645508,0.0406,-6.925348562598627,2.145,410.0,0.2573316455078125,-0.447346180060308
03Nov2025,P,18Sep2026,319,,24.530000686645508,0.0406,-7.268674851792886,0.8,21.0,0.4587456469726563,-0.1541250504867917
03Nov2025,P,18Sep2026,319,,24.530000686645508,0.0406,-7.163314336135059,0.755,3.0,0.2905344384765624,-0.1543087492152148
03Nov2025,P,18Sep2026,319,,24.530000686645508,0.0406,-7.023552393759901,1.7299999999999998,6.0,0.2888254711914061,-0.3068016026643285
05Nov2025,C,21Nov2025,16,,24.559999465942383,0.0401999999999999,-7.115694467914452,4.45,1.0,0.85937640625,0.8927445160566457
05Nov2025,C,21Nov2025,16,,24.559999465942383,0.0401999999999999,-7.066904303745019,3.575,8.0,0.92382888671875,0.8200181415972652
05Nov2025,C,21Nov2025,16,,24.559999465942383,0.0401999999999999,-6.645690838668716,0.06,2.0,0.6875031250000001,0.0397031905444736
05Nov2025,C,28Nov2025,23,,24.559999465942383,0.0401999999999999,-7.116811134581118,4.6,1.0,0.94726615234375,0.839714917269226
05Nov2025,C,28Nov2025,23,,24.559999465942383,0.0401999999999999,-6.745247578148635,0.03,1.0,0.39063109375,0.0526364471695776
05Nov2025,C,19Dec2025,44,,24.559999465942383,0.0401999999999999,-7.120161134581118,4.8,5.0,0.684573466796875,0.8421534090472729
05Nov2025,C,19Dec2025,44,,24.559999465942383,0.0401999999999999,-7.024850954776793,2.88,2.0,0.49414568359375,0.7750624312619
05Nov2025,C,19Dec2025,44,,24.559999465942383,0.0401999999999999,-6.98039919220596,2.17,100.0,0.4340876904296875,0.7064123281665118
05Nov2025,C,19Dec2025,44,,24.559999465942383,0.0401999999999999,-6.589532883518948,0.06,1.0,0.5585981640625001,0.059971212986341
05Nov2025,C,20Feb2026,107,,24.559999465942383,0.0401999999999999,-7.130211134581118,4.725,2.0,0.4545952978515625,0.8426477008619182
05Nov2025,C,20Feb2026,107,,24.559999465942383,0.0401999999999999,-6.947889577787164,1.8,1.0,0.2680737255859374,0.622737157853809
05Nov2025,C,20Mar2026,135,,24.559999465942383,0.0401999999999999,-7.03936762144346,3.2,8.0,0.3042061767578125,0.77871379380119
05Nov2025,C,20Mar2026,135,,24.559999465942383,0.0401999999999999,-6.952356244453831,1.93,3.0,0.2802806347656249,0.6208714534799351
05Nov2025,C,20Mar2026,135,,24.559999465942383,0.0401999999999999,-6.66467417200205,0.15,20.0,0.301764794921875,0.1022028467713562
05Nov2025,C,20Mar2026,135,,24.559999465942383,0.0401999999999999,-6.575062013312362,0.1,14.0,0.3515689843749999,0.0693980428877615
05Nov2025,C,17Apr2026,163,,24.559999465942383,0.0401999999999999,-6.956822911120497,2.07,100.0,0.2707592456054687,0.6244399776048947
05Nov2025,C,17Apr2026,163,,24.559999465942383,0.0401999999999999,-6.767580911481969,0.4649999999999999,1.0,0.2680737255859374,0.2303079294254532
05Nov2025,C,18Sep2026,317,,24.559999465942383,0.0401999999999999,-7.163711134581118,5.35,20.0,0.3222724023437499,0.8290135453885205
05Nov2025,C,18Sep2026,317,,24.559999465942383,0.0401999999999999,-7.02394919220596,3.35,3.0,0.2841868457031249,0.6956874196759126
05Nov2025,C,18Sep2026,317,,24.559999465942383,0.0401999999999999,-6.940567583266908,2.255,1.0,0.274421318359375,0.5772865986890147
05Nov2025,P,28Nov2025,23,,24.559999465942383,0.0401999999999999,-7.116811134581118,0.05,1.0,0.500005,-0.0427793174591352
05Nov2025,P,28Nov2025,23,,24.559999465942383,0.0401999999999999,-6.97704919220596,0.11,1.0,0.2900461621093749,-0.1653944172359559
05Nov2025,P,20Mar2026,135,,24.559999465942383,0.0401999999999999,-7.1346778012477845,0.29,1.0,0.340826904296875,-0.1217577547472261
05Nov2025,P,20Mar2026,135,,24.559999465942383,0.0401999999999999,-7.085887637078353,0.37,1.0,0.3100654931640625,-0.1577919262347319
05Nov2025,P,20Mar2026,135,,24.559999465942383,0.0401999999999999,-6.519492162157551,12.575,2.0,0.8208025732421874,-0.7059403512147915
05Nov2025,P,17Apr2026,163,,24.559999465942383,0.0401999999999999,-7.244504983572278,0.2,65.0,0.3779359082031249,-0.0766820658027284
05Nov2025,P,17Apr2026,163,,24.559999465942383,0.0401999999999999,-7.139144467914451,0.3399999999999999,162.0,0.327155166015625,-0.1290544076516226
05Nov2025,P,18Jun2026,225,,24.559999465942383,0.0401999999999999,-7.254395459762754,0.295,177.0,0.33789724609375,-0.0811492965547053
05Nov2025,P,18Jun2026,225,,24.559999465942383,0.0401999999999999,-7.200328238492478,0.395,1.0,0.3335027587890625,-0.1139402077477262
05Nov2025,P,18Jun2026,225,,24.559999465942383,0.0401999999999999,-7.149034944104928,0.5249999999999999,1.0,0.313483427734375,-0.144977304960348
05Nov2025,P,18Jun2026,225,,24.559999465942383,0.0401999999999999,-6.455887763544983,15.975,1.0,0.5195360546875,-0.82408899135636
05Nov2025,P,18Sep2026,317,,24.559999465942383,0.0401999999999999,-7.269071650238945,0.43,20.0,0.3325262060546875,-0.1019760545443869
05Nov2025,P,18Sep2026,317,,24.559999465942383,0.0401999999999999,-7.163711134581118,0.71,25.0,0.2949289257812499,-0.1558377141962239
05Nov2025,P,18Sep2026,317,,24.559999465942383,0.0401999999999999,-6.940567583266908,2.415,67.0,0.2724682128906249,-0.4228814082138611
07Nov2025,C,21Nov2025,14,,24.82999992370605,0.0401999999999999,-7.413991007660684,9.825,14.0,1.67578287109375,0.9558528451842055
07Nov2025,C,21Nov2025,14,,24.82999992370605,0.0401999999999999,-7.077518771039471,3.925,10.0,0.6035195898437502,0.9318243229140653
07Nov2025,C,21Nov2025,14,,24.82999992370605,0.0401999999999999,-7.030998755404578,2.805,4.0,0.648441015625,0.8481448548630418
07Nov2025,C,21Nov2025,14,,24.82999992370605,0.0401999999999999,-7.008525899552519,2.45,1.0,0.7148466015625,0.7837286213954091
07Nov2025,C,21Nov2025,14,,24.82999992370605,0.0401999999999999,-6.986546992833744,2.0,6.0,0.6093789062500001,0.7624109075347966
07Nov2025,C,21Nov2025,14,,24.82999992370605,0.0401999999999999,-6.943987378414948,1.0499999999999998,6.0,0.3476627734374999,0.7109013301620456
07Nov2025,C,21Nov2025,14,,24.82999992370605,0.0401999999999999,-6.923368091212213,0.6399999999999999,58.0,0.247077841796875,0.6302648174389586
07Nov2025,C,21Nov2025,14,,24.82999992370605,0.0401999999999999,-6.903165383894693,0.355,843.0,0.231452998046875,0.4626162331111654
07Nov2025,C,21Nov2025,14,,24.82999992370605,0.0401999999999999,-6.883362756598514,0.18,885.0,0.2275467871093749,0.2943961715346828
07Nov2025,C,21Nov2025,14,,24.82999992370605,0.0401999999999999,-6.863944670741412,0.0849999999999999,249.0,0.22852333984375,0.1655365647110736
07Nov2025,C,21Nov2025,14,,24.82999992370605,0.0401999999999999,-6.844896475770717,0.045,92.0,0.257819921875,0.1087245431880376
07Nov2025,C,21Nov2025,14,,24.82999992370605,0.0401999999999999,-6.826204342758564,0.035,103.0,0.2968820312499999,0.0829652261821469
07Nov2025,C,21Nov2025,14,,24.82999992370605,0.0401999999999999,-6.656305305963167,0.035,43.0,0.6640658593750002,0.0304863318192647
07Nov2025,C,28Nov2025,21,,24.82999992370605,0.0401999999999999,-7.032115422071245,2.9,2.0,0.773439765625,0.7756259550422754
07Nov2025,C,28Nov2025,21,,24.82999992370605,0.0401999999999999,-6.945104045081615,1.1800000000000002,208.0,0.3457096679687499,0.6841578939600608
07Nov2025,C,28Nov2025,21,,24.82999992370605,0.0401999999999999,-6.90428205056136,0.4549999999999999,626.0,0.2353592089843749,0.479396873860487
07Nov2025,C,28Nov2025,21,,24.82999992370605,0.0401999999999999,-6.865061337408078,0.135,141.0,0.2187578124999999,0.2097805875107354
07Nov2025,C,28Nov2025,21,,24.82999992370605,0.0401999999999999,-6.827321009425232,0.05,104.0,0.26367923828125,0.1044628021702172
07Nov2025,C,05Dec2025,28,,24.82999992370605,0.0401999999999999,-6.946220711748282,1.21,30.0,0.2915109912109374,0.6913411034512986
07Nov2025,C,05Dec2025,28,,24.82999992370605,0.0401999999999999,-6.905398717228026,0.575,74.0,0.2509840527343749,0.4924065660984389
07Nov2025,C,05Dec2025,28,,24.82999992370605,0.0401999999999999,-6.8661780040747455,0.2149999999999999,88.0,0.2382888671874999,0.2683131593124506
07Nov2025,C,05Dec2025,28,,24.82999992370605,0.0401999999999999,-6.828437676091898,0.085,10.0,0.2509840527343749,0.1300512788425917
07Nov2025,C,05Dec2025,28,,24.82999992370605,0.0401999999999999,-6.792070031921023,0.06,33.0,0.3242255078124999,0.1040616246270768
07Nov2025,C,05Dec2025,28,,24.82999992370605,0.0401999999999999,-6.7569787121097535,0.03,2.0,0.335944140625,0.0560546786946025
07Nov2025,C,12Dec2025,35,,24.82999992370605,0.0401999999999999,-6.906515383894693,0.6950000000000002,94.0,0.2832102929687499,0.5039901045694424
07Nov2025,C,12Dec2025,35,,24.82999992370605,0.0401999999999999,-6.867294670741412,0.305,17.0,0.25977302734375,0.3141052077272196
07Nov2025,C,12Dec2025,35,,24.82999992370605,0.0401999999999999,-6.8295543427585645,0.125,45.0,0.25977302734375,0.1701910540626932
07Nov2025,C,19Dec2025,42,,24.82999992370605,0.0401999999999999,-7.4184576743273505,9.825,2.0,1.6572282763671875,0.8821599862955714
07Nov2025,C,19Dec2025,42,,24.82999992370605,0.0401999999999999,-7.353919153189779,8.8,1.0,1.4736354443359376,0.8725083893450898
07Nov2025,C,19Dec2025,42,,24.82999992370605,0.0401999999999999,-7.0819854377061375,4.475,1.0,0.649417568359375,0.8137044063902978
07Nov2025,C,19Dec2025,42,,24.82999992370605,0.0401999999999999,-6.948454045081615,1.375,35.0,0.3125068749999999,0.6617922163617297
07Nov2025,C,19Dec2025,42,,24.82999992370605,0.0401999999999999,-6.90763205056136,0.765,130.0,0.25586681640625,0.5072121281751142
07Nov2025,C,19Dec2025,42,,24.82999992370605,0.0401999999999999,-6.868411337408078,0.37,1572.0,0.24414818359375,0.3232272308629947
07Nov2025,C,19Dec2025,42,,24.82999992370605,0.0401999999999999,-6.830671009425231,0.16,118.0,0.25586681640625,0.1925261185282313
07Nov2025,C,19Dec2025,42,,24.82999992370605,0.0401999999999999,-6.794303365254357,0.095,104.0,0.26563234375,0.1080353212725974
07Nov2025,C,19Dec2025,42,,24.82999992370605,0.0401999999999999,-6.759212045443086,0.065,53.0,0.304694453125,0.0799264742492874
07Nov2025,C,19Dec2025,42,,24.82999992370605,0.0401999999999999,-6.692520670944414,0.035,21.0,0.36524072265625,0.0453217168140034
07Nov2025,C,19Dec2025,42,,24.82999992370605,0.0401999999999999,-6.600147350813399,0.0699999999999999,112.0,0.5117236328125,0.0448257695076393
07Nov2025,C,19Dec2025,42,,24.82999992370605,0.0401999999999999,-6.571159813940147,0.105,1.0,0.5918009570312501,0.056295500261613
07Nov2025,C,16Jan2026,70,,24.82999992370605,0.0401999999999999,-7.135242268542236,5.025,37.0,0.4804739453125,0.8789838143063577
07Nov2025,C,16Jan2026,70,,24.82999992370605,0.0401999999999999,-7.039932088737912,3.095,16.0,0.3266668896484375,0.8343031639456715
07Nov2025,C,16Jan2026,70,,24.82999992370605,0.0401999999999999,-6.952920711748281,1.54,194.0,0.2788158056640625,0.6563930866637819
07Nov2025,C,16Jan2026,70,,24.82999992370605,0.0401999999999999,-6.912098717228027,1.0,268.0,0.2509840527343749,0.5251249754251731
07Nov2025,C,16Jan2026,70,,24.82999992370605,0.0401999999999999,-6.872878004074745,0.6,1088.0,0.2495192236328124,0.383545540081312
07Nov2025,C,16Jan2026,70,,24.82999992370605,0.0401999999999999,-6.8351376760918985,0.3399999999999999,285.0,0.2465895654296875,0.2576922876699523
07Nov2025,C,16Jan2026,70,,24.82999992370605,0.0401999999999999,-6.798770031921023,0.215,51.0,0.2695385546875,0.1857756091246764
07Nov2025,C,16Jan2026,70,,24.82999992370605,0.0401999999999999,-6.763678712109753,0.12,20.0,0.264655791015625,0.1121854430018575
07Nov2025,C,16Jan2026,70,,24.82999992370605,0.0401999999999999,-6.729777160434072,0.09,25.0,0.2871165039062499,0.0837758596550845
07Nov2025,C,16Jan2026,70,,24.82999992370605,0.0401999999999999,-6.696987337611081,0.105,4.0,0.36133451171875,0.1012091137880408
07Nov2025,C,16Jan2026,70,,24.82999992370605,0.0401999999999999,-6.665238639296501,0.045,602.0,0.3144599804687499,0.0429616250178449
07Nov2025,C,16Jan2026,70,,24.82999992370605,0.0401999999999999,-6.634466980629747,0.06,9.0,0.3847717773437499,0.0596009367066564
07Nov2025,C,16Jan2026,70,,24.82999992370605,0.0401999999999999,-6.575626480606814,0.03,8.0,0.4023497265625,0.034649012306708
07Nov2025,C,20Feb2026,105,,24.82999992370605,0.0401999999999999,-7.140825601875569,5.025,2.0,0.3740296972656249,0.8918189852094078
07Nov2025,C,20Feb2026,105,,24.82999992370605,0.0401999999999999,-7.001063659500411,2.6,5.0,0.3608462353515624,0.709556982249689
07Nov2025,C,20Feb2026,105,,24.82999992370605,0.0401999999999999,-6.958504045081615,1.86,309.0,0.2753978710937499,0.6488876689969383
07Nov2025,C,20Feb2026,105,,24.82999992370605,0.0401999999999999,-6.91768205056136,1.31,41.0,0.2670971728515625,0.5417026304744605
07Nov2025,C,20Feb2026,105,,24.82999992370605,0.0401999999999999,-6.878461337408078,0.895,93.0,0.2631909619140625,0.4310611369406438
07Nov2025,C,20Feb2026,105,,24.82999992370605,0.0401999999999999,-6.840721009425232,0.6,89.0,0.262702685546875,0.329205180385514
07Nov2025,C,20Feb2026,105,,24.82999992370605,0.0401999999999999,-6.804353365254356,0.39,141.0,0.2661206201171875,0.2452849044286966
07Nov2025,C,20Feb2026,105,,24.82999992370605,0.0401999999999999,-6.769262045443086,0.26,10.0,0.2758861474609374,0.1848583417186406
07Nov2025,C,20Feb2026,105,,24.82999992370605,0.0401999999999999,-6.735360493767405,0.155,2.0,0.2827220166015625,0.1367007787588867
07Nov2025,C,20Feb2026,105,,24.82999992370605,0.0401999999999999,-6.702570670944414,0.125,18.0,0.2861399511718749,0.0978305998481863
07Nov2025,C,20Mar2026,133,,24.82999992370605,0.0401999999999999,-7.049982088737911,3.425,1.0,0.3183661914062499,0.7887191263651812
07Nov2025,C,20Mar2026,133,,24.82999992370605,0.0401999999999999,-6.962970711748281,2.045,3.0,0.2968820312499999,0.6409715663005299
07Nov2025,C,20Mar2026,133,,24.82999992370605,0.0401999999999999,-6.922148717228026,1.5150000000000003,23.0,0.2824778784179687,0.5521708646474212
07Nov2025,C,20Mar2026,133,,24.82999992370605,0.0401999999999999,-6.882928004074746,1.03,416.0,0.2663647583007812,0.4542756664274937
07Nov2025,C,20Mar2026,133,,24.82999992370605,0.0401999999999999,-6.845187676091898,0.76,369.0,0.2670971728515625,0.3638504117124672
07Nov2025,C,20Mar2026,133,,24.82999992370605,0.0401999999999999,-6.808820031921023,0.56,26.0,0.2832102929687499,0.297482525324112
07Nov2025,C,20Mar2026,133,,24.82999992370605,0.0401999999999999,-6.773728712109753,0.3899999999999999,21.0,0.2824778784179687,0.229871060855592
07Nov2025,C,20Mar2026,133,,24.82999992370605,0.0401999999999999,-6.739827160434072,0.245,65.0,0.2788158056640625,0.1703872924660338
07Nov2025,C,20Mar2026,133,,24.82999992370605,0.0401999999999999,-6.707037337611081,0.1949999999999999,21.0,0.2841868457031249,0.130811855152581
07Nov2025,C,20Mar2026,133,,24.82999992370605,0.0401999999999999,-6.6752886392965,0.33,6.0,0.41211525390625,0.2014417197433635
07Nov2025,C,20Mar2026,133,,24.82999992370605,0.0401999999999999,-6.585676480606813,0.11,1.0,0.362311064453125,0.0817591654049161
07Nov2025,C,17Apr2026,161,,24.82999992370605,0.0401999999999999,-7.10096877103947,4.675000000000001,1.0,0.4790091162109374,0.7707766477630625
07Nov2025,C,17Apr2026,161,,24.82999992370605,0.0401999999999999,-6.967437378414948,2.1,20.0,0.2793040820312499,0.6449129968501901
07Nov2025,C,17Apr2026,161,,24.82999992370605,0.0401999999999999,-6.926615383894693,1.535,14.0,0.26758544921875,0.5597130107960283
07Nov2025,C,17Apr2026,161,,24.82999992370605,0.0401999999999999,-6.887394670741412,1.165,73.0,0.2793040820312499,0.4761276763525146
07Nov2025,C,17Apr2026,161,,24.82999992370605,0.0401999999999999,-6.849654342758565,0.875,2.0,0.2724682128906249,0.391838569019306
07Nov2025,C,17Apr2026,161,,24.82999992370605,0.0401999999999999,-6.81328669858769,0.6100000000000001,20.0,0.2629468237304688,0.3088343274887292
07Nov2025,C,17Apr2026,161,,24.82999992370605,0.0401999999999999,-6.778195378776419,0.445,13.0,0.2692944165039062,0.2484332078088307
07Nov2025,C,17Apr2026,161,,24.82999992370605,0.0401999999999999,-6.744293827100738,0.3399999999999999,1.0,0.273444765625,0.1968145702768588
07Nov2025,C,18Jun2026,223,,24.82999992370605,0.0401999999999999,-7.44733148385116,10.0,10.0,0.5776409423828125,0.9187057505659594
07Nov2025,C,18Jun2026,223,,24.82999992370605,0.0401999999999999,-7.01988746902422,3.01,1.0,0.2834544311523437,0.7147030038679891
07Nov2025,C,18Jun2026,223,,24.82999992370605,0.0401999999999999,-6.936505860085169,1.9750000000000003,18.0,0.2880930566406249,0.5758783059295234
07Nov2025,C,18Jun2026,223,,24.82999992370605,0.0401999999999999,-6.897285146931888,1.51,3.0,0.2710033837890625,0.5017927159907192
07Nov2025,C,18Jun2026,223,,24.82999992370605,0.0401999999999999,-6.859544818949041,1.135,37.0,0.2751537329101562,0.4333572798957896
07Nov2025,C,18Jun2026,223,,24.82999992370605,0.0401999999999999,-6.8231771747781655,0.865,1.0,0.257819921875,0.354356161371
07Nov2025,C,18Jun2026,223,,24.82999992370605,0.0401999999999999,-6.754184303291215,0.55,36.0,0.2751537329101562,0.2553587885680298
07Nov2025,C,18Jun2026,223,,24.82999992370605,0.0401999999999999,-6.689645782153644,0.395,4.0,0.30664755859375,0.2015552893681272
07Nov2025,C,18Jun2026,223,,24.82999992370605,0.0401999999999999,-6.600033623463956,0.215,6.0,0.3154365332031249,0.1211086304823375
07Nov2025,C,18Sep2026,315,,24.82999992370605,0.0401999999999999,-6.95118205056136,2.31,2.0,0.2739330419921875,0.5935773927465849
07Nov2025,C,18Sep2026,315,,24.82999992370605,0.0401999999999999,-6.768860493767405,0.755,6.0,0.2622144091796875,0.3042350196097533
07Nov2025,C,18Sep2026,315,,24.82999992370605,0.0401999999999999,-6.704321972629834,0.515,55.0,0.2695385546875,0.2268165478222042
07Nov2025,P,21Nov2025,14,,24.82999992370605,0.0401999999999999,-7.413991007660684,0.025,4.0,1.1953165234375,-0.0114057438528277
07Nov2025,P,21Nov2025,14,,24.82999992370605,0.0401999999999999,-7.030998755404578,0.03,3.0,0.4023497265625,-0.0553956678198789
07Nov2025,P,21Nov2025,14,,24.82999992370605,0.0401999999999999,-6.986546992833744,0.055,41.0,0.2949289257812499,-0.0836382036138334
07Nov2025,P,21Nov2025,14,,24.82999992370605,0.0401999999999999,-6.943987378414948,0.145,213.0,0.23438265625,-0.2126661958230442
07Nov2025,P,21Nov2025,14,,24.82999992370605,0.0401999999999999,-6.923368091212213,0.285,141.0,0.231452998046875,-0.3624785977839512
07Nov2025,P,21Nov2025,14,,24.82999992370605,0.0401999999999999,-6.903165383894693,0.515,158.0,0.231452998046875,-0.5373837668888346
07Nov2025,P,21Nov2025,14,,24.82999992370605,0.0401999999999999,-6.883362756598514,0.89,135.0,0.2919992675781249,-0.6591096375821461
07Nov2025,P,21Nov2025,14,,24.82999992370605,0.0401999999999999,-6.863944670741412,1.38,68.0,0.43945873046875,-0.6822608613549905
07Nov2025,P,21Nov2025,14,,24.82999992370605,0.0401999999999999,-6.826204342758564,2.225,30.0,0.41992767578125,-0.8311921786487833
07Nov2025,P,21Nov2025,14,,24.82999992370605,0.0401999999999999,-6.78983669858769,3.08,30.0,0.6269568554687501,-0.8171564193429945
07Nov2025,P,21Nov2025,14,,24.82999992370605,0.0401999999999999,-6.75474537877642,4.65,2.0,0.89257919921875,-0.7857750912255554
07Nov2025,P,21Nov2025,14,,24.82999992370605,0.0401999999999999,-6.7208438271007385,5.025,1.0,1.7158217333984376,-0.6518269104067538
07Nov2025,P,28Nov2025,21,,24.82999992370605,0.0401999999999999,-6.987663659500411,0.09,1.0,0.2949289257812499,-0.125014884537788
07Nov2025,P,28Nov2025,21,,24.82999992370605,0.0401999999999999,-6.945104045081615,0.215,8.0,0.2392654199218749,-0.2541770751713758
07Nov2025,P,28Nov2025,21,,24.82999992370605,0.0401999999999999,-6.90428205056136,0.5900000000000001,69.0,0.2226640234374999,-0.5230241590858024
07Nov2025,P,28Nov2025,21,,24.82999992370605,0.0401999999999999,-6.865061337408078,1.31,7.0,0.295905478515625,-0.719259696634901
07Nov2025,P,28Nov2025,21,,24.82999992370605,0.0401999999999999,-6.827321009425232,2.2350000000000003,12.0,0.3867248828124999,-0.7972710563572126
07Nov2025,P,28Nov2025,21,,24.82999992370605,0.0401999999999999,-6.7909533652543566,3.04,2.0,0.6816438085937502,-0.7385796214514152
07Nov2025,P,05Dec2025,28,,24.82999992370605,0.0401999999999999,-6.988780326167078,0.095,14.0,0.2929758203124999,-0.1533792955244437
07Nov2025,P,05Dec2025,28,,24.82999992370605,0.0401999999999999,-6.946220711748282,0.29,38.0,0.242195078125,-0.2788215782907608
07Nov2025,P,05Dec2025,28,,24.82999992370605,0.0401999999999999,-6.905398717228026,0.6799999999999999,18.0,0.225593681640625,-0.5114104102375008
07Nov2025,P,12Dec2025,35,,24.82999992370605,0.0401999999999999,-6.989896992833744,0.15,18.0,0.25196060546875,-0.1423881601549642
07Nov2025,P,12Dec2025,35,,24.82999992370605,0.0401999999999999,-6.947337378414948,0.3549999999999999,15.0,0.2426833544921874,-0.2941561864567372
07Nov2025,P,12Dec2025,35,,24.82999992370605,0.0401999999999999,-6.906515383894693,0.7849999999999998,25.0,0.2539137109375,-0.4993774525803953
07Nov2025,P,19Dec2025,42,,24.82999992370605,0.0401999999999999,-7.0819854377061375,0.035,3.0,0.3242255078124999,-0.0525852399838361
07Nov2025,P,19Dec2025,42,,24.82999992370605,0.0401999999999999,-7.035465422071245,0.1,4.0,0.282233740234375,-0.0868912975697546
07Nov2025,P,19Dec2025,42,,24.82999992370605,0.0401999999999999,-6.99101365950041,0.205,63.0,0.27149166015625,-0.176813761244716
07Nov2025,P,19Dec2025,42,,24.82999992370605,0.0401999999999999,-6.948454045081615,0.415,107.0,0.2348709326171875,-0.2999207905753644
07Nov2025,P,19Dec2025,42,,24.82999992370605,0.0401999999999999,-6.90763205056136,0.825,326.0,0.2260819580078125,-0.4961335783443867
07Nov2025,P,19Dec2025,42,,24.82999992370605,0.0401999999999999,-6.868411337408078,1.4300000000000002,38.0,0.2539137109375,-0.6692354380566771
07Nov2025,P,19Dec2025,42,,24.82999992370605,0.0401999999999999,-6.830671009425231,2.165,2.0,0.282233740234375,-0.7819953542931339
07Nov2025,P,19Dec2025,42,,24.82999992370605,0.0401999999999999,-6.794303365254357,3.225,32.0,0.3388737988281249,-0.8283129592776717
07Nov2025,P,16Jan2026,70,,24.82999992370605,0.0401999999999999,-7.135242268542236,0.095,57.0,0.33399103515625,-0.0542673721802167
07Nov2025,P,16Jan2026,70,,24.82999992370605,0.0401999999999999,-7.086452104372804,0.18,64.0,0.35742830078125,-0.115495939945453
07Nov2025,P,16Jan2026,70,,24.82999992370605,0.0401999999999999,-7.039932088737912,0.225,108.0,0.2900461621093749,-0.1407631744455058
07Nov2025,P,16Jan2026,70,,24.82999992370605,0.0401999999999999,-6.995480326167077,0.41,291.0,0.2670971728515625,-0.2180155535340536
07Nov2025,P,16Jan2026,70,,24.82999992370605,0.0401999999999999,-6.952920711748281,0.705,193.0,0.2544019873046875,-0.3335709267800258
07Nov2025,P,16Jan2026,70,,24.82999992370605,0.0401999999999999,-6.912098717228027,1.1549999999999998,199.0,0.249030947265625,-0.475020117784624
07Nov2025,P,16Jan2026,70,,24.82999992370605,0.0401999999999999,-6.872878004074745,1.795,20.0,0.2768627001953124,-0.600849819167556
07Nov2025,P,16Jan2026,70,,24.82999992370605,0.0401999999999999,-6.8351376760918985,2.59,18.0,0.334967587890625,-0.6719329323354121
07Nov2025,P,16Jan2026,70,,24.82999992370605,0.0401999999999999,-6.798770031921023,3.475,10.0,0.3291082714843749,-0.760560187374115
07Nov2025,P,16Jan2026,70,,24.82999992370605,0.0401999999999999,-6.729777160434072,5.300000000000001,3.0,0.3764710791015625,-0.8456751670381831
07Nov2025,P,20Feb2026,105,,24.82999992370605,0.0401999999999999,-7.045515422071245,0.425,2.0,0.2890696093749999,-0.1755115843276724
07Nov2025,P,20Feb2026,105,,24.82999992370605,0.0401999999999999,-7.001063659500411,0.655,37.0,0.2758861474609374,-0.2515804882195878
07Nov2025,P,20Feb2026,105,,24.82999992370605,0.0401999999999999,-6.91768205056136,1.45,41.0,0.2617261328125,-0.4585993994134256
07Nov2025,P,20Mar2026,133,,24.82999992370605,0.0401999999999999,-7.307811198040011,0.1,1.0,0.42383388671875,-0.0478646538996858
07Nov2025,P,20Mar2026,133,,24.82999992370605,0.0401999999999999,-7.196585562929787,0.175,5.0,0.3398503515625,-0.0696412521455136
07Nov2025,P,20Mar2026,133,,24.82999992370605,0.0401999999999999,-7.145292268542236,0.34,6.0,0.3735414208984374,-0.1277565327119666
07Nov2025,P,20Mar2026,133,,24.82999992370605,0.0401999999999999,-7.005530326167078,0.8049999999999999,150.0,0.2805247729492187,-0.2665503350480975
07Nov2025,P,20Mar2026,133,,24.82999992370605,0.0401999999999999,-6.962970711748281,1.075,36.0,0.2605054418945312,-0.3490143601954083
07Nov2025,P,20Mar2026,133,,24.82999992370605,0.0401999999999999,-6.922148717228026,1.585,126.0,0.262702685546875,-0.4488237059602422
07Nov2025,P,20Mar2026,133,,24.82999992370605,0.0401999999999999,-6.882928004074746,2.115,45.0,0.2631909619140625,-0.5470369069743195
07Nov2025,P,17Apr2026,161,,24.82999992370605,0.0401999999999999,-7.149758935208903,0.3349999999999999,1.0,0.3203192968749999,-0.113802869538945
07Nov2025,P,17Apr2026,161,,24.82999992370605,0.0401999999999999,-7.054448755404578,0.69,64.0,0.2915109912109374,-0.2079884691716629
07Nov2025,P,17Apr2026,161,,24.82999992370605,0.0401999999999999,-7.009996992833744,0.965,244.0,0.2949289257812499,-0.2811887086038156
07Nov2025,P,17Apr2026,161,,24.82999992370605,0.0401999999999999,-6.967437378414948,1.285,77.0,0.27149166015625,-0.353067145620613
07Nov2025,P,17Apr2026,161,,24.82999992370605,0.0401999999999999,-6.926615383894693,1.825,95.0,0.2797923583984374,-0.4397444346942546
07Nov2025,P,17Apr2026,161,,24.82999992370605,0.0401999999999999,-6.887394670741412,2.41,1.0,0.2763744238281249,-0.524903946768753
07Nov2025,P,18Jun2026,223,,24.82999992370605,0.0401999999999999,-7.44733148385116,0.075,2.0,0.4091855957031249,-0.0349523546244422
07Nov2025,P,18Jun2026,223,,24.82999992370605,0.0401999999999999,-7.2109427057869295,0.37,1.0,0.3295965478515624,-0.1033094306093552
07Nov2025,P,18Jun2026,223,,24.82999992370605,0.0401999999999999,-7.159649411399379,0.445,2.0,0.3042061767578125,-0.1288311775540531
07Nov2025,P,18Jun2026,223,,24.82999992370605,0.0401999999999999,-7.01988746902422,1.19,59.0,0.2766185620117187,-0.2823806170704993
07Nov2025,P,18Jun2026,223,,24.82999992370605,0.0401999999999999,-6.936505860085169,2.045,28.0,0.2570875073242187,-0.4251473989186698
07Nov2025,P,18Jun2026,223,,24.82999992370605,0.0401999999999999,-6.859544818949041,3.2,30.0,0.2658764819335937,-0.5718426299690393
07Nov2025,P,18Sep2026,315,,24.82999992370605,0.0401999999999999,-7.46200767432735,0.375,2.0,0.49414568359375,-0.080305822146086
07Nov2025,P,18Sep2026,315,,24.82999992370605,0.0401999999999999,-7.1743256018755694,0.725,25.0,0.3107979077148437,-0.1553523992903496
07Nov2025,P,18Sep2026,315,,24.82999992370605,0.0401999999999999,-6.95118205056136,2.445,54.0,0.2697826928710937,-0.4065168691825479
07Nov2025,P,18Sep2026,315,,24.82999992370605,0.0401999999999999,-6.874221009425232,3.675,15.0,0.2741771801757812,-0.5260653458459392
10Nov2025,C,28Nov2025,18,,24.82999992370605,0.0401,-7.126939887589855,6.074999999999999,5.0,1.3730500097656249,0.8074098650601275
10Nov2025,C,28Nov2025,18,,24.82999992370605,0.0401,-7.03162970778553,3.3999999999999995,52.0,0.56055126953125,0.8531960278571871
10Nov2025,C,28Nov2025,18,,24.82999992370605,0.0401,-6.755376331157372,0.025,3.0,0.3867248828124999,0.040779607994533
10Nov2025,C,05Dec2025,25,,24.82999992370605,0.0401,-7.079263612309312,5.025,4.0,0.98242205078125,0.7854765312845029
10Nov2025,C,05Dec2025,25,,24.82999992370605,0.0401,-7.032743596674419,3.375,4.0,0.6337927246093751,0.7964583083745511
10Nov2025,C,05Dec2025,25,,24.82999992370605,0.0401,-6.945732219684789,1.455,4.0,0.340826904296875,0.6760025793299175
10Nov2025,C,19Dec2025,39,,24.82999992370605,0.0401,-7.4179636267083024,11.025,1.0,1.5917989160156247,0.8919616708808304
10Nov2025,C,19Dec2025,39,,24.82999992370605,0.0401,-6.515095915166288,0.18,1.0,0.74414318359375,0.0667376901327238
10Nov2025,C,16Jan2026,67,,24.82999992370605,0.0401,-9.031857094697958,22.0,2.0,5.20312849609375,0.9805846098446828
10Nov2025,C,16Jan2026,67,,24.82999992370605,0.0401,-7.422419182263858,10.2,5.0,0.8984385156249999,0.9358611772343036
10Nov2025,C,16Jan2026,67,,24.82999992370605,0.0401,-6.994975167436919,2.625,3.0,0.3154365332031249,0.7544390329726052
10Nov2025,C,16Jan2026,67,,24.82999992370605,0.0401,-6.696482178880922,0.075,35.0,0.3144599804687499,0.0635938753397662
10Nov2025,C,16Jan2026,67,,24.82999992370605,0.0401,-6.546950444909959,0.025,22.0,0.42188078125,0.0271755122173839
10Nov2025,C,20Mar2026,130,,24.82999992370605,0.0401,-7.0959719456426456,4.550000000000001,54.0,0.4008848974609375,0.810451564982171
10Nov2025,C,20Mar2026,130,,24.82999992370605,0.0401,-6.643986821899588,0.125,1.0,0.317389638671875,0.0914903334677317
10Nov2025,C,17Apr2026,158,,24.82999992370605,0.0401,-6.886853400900142,1.335,10.0,0.2583081982421875,0.466602202819029
10Nov2025,C,17Apr2026,158,,24.82999992370605,0.0401,-6.561431000465514,0.21,4.0,0.430669755859375,0.1339235863297895
10Nov2025,P,19Dec2025,39,,24.82999992370605,0.0401,-7.0814913900870895,0.04,1.0,0.36914693359375,-0.0688753002375257
10Nov2025,P,19Dec2025,39,,24.82999992370605,0.0401,-6.758717997824038,3.85,1.0,0.41992767578125,-0.848759166686872
10Nov2025,P,19Dec2025,39,,24.82999992370605,0.0401,-6.660277925010786,7.0,1.0,0.5351608984375,-0.9095875837917616
10Nov2025,P,19Dec2025,39,,24.82999992370605,0.0401,-6.488427668084127,12.875,2.0,0.6562534375000001,-0.968306738509717
10Nov2025,P,16Jan2026,67,,24.82999992370605,0.0401,-7.422419182263858,0.04,1.0,0.6015664843750002,-0.017303455346971
10Nov2025,P,16Jan2026,67,,24.82999992370605,0.0401,-7.085946945642645,0.145,13.0,0.36133451171875,-0.1136938678681851
10Nov2025,P,16Jan2026,67,,24.82999992370605,0.0401,-6.664733480566342,6.975,4.0,0.551762294921875,-0.8222009350975735
10Nov2025,P,20Feb2026,102,,24.82999992370605,0.0401,-7.140306554256521,0.43,55.0,0.5390671093750001,-0.1733752031754728
10Nov2025,P,20Feb2026,102,,24.82999992370605,0.0401,-6.840201961806184,2.39,10.0,0.2500075,-0.6854805582842824
10Nov2025,P,20Mar2026,130,,24.82999992370605,0.0401,-7.575545025904532,0.04,5.0,0.5351608984375,-0.0128563592314251
10Nov2025,P,20Mar2026,130,,24.82999992370605,0.0401,-7.196055404199628,0.1699999999999999,1.0,0.37500625,-0.0851129403693717
10Nov2025,P,20Mar2026,130,,24.82999992370605,0.0401,-7.144762109812078,0.21,6.0,0.3256903369140624,-0.0996422348987986
10Nov2025,P,20Mar2026,130,,24.82999992370605,0.0401,-6.773198553379594,4.125,30.0,0.2670971728515625,-0.7894773031162464
10Nov2025,P,20Mar2026,130,,24.82999992370605,0.0401,-6.739297001703913,5.05,50.0,0.3159248095703124,-0.7976265094093744
10Nov2025,P,17Apr2026,158,,24.82999992370605,0.0401,-7.149217665367633,0.31,172.0,0.3276434423828125,-0.1166699673944595
10Nov2025,P,17Apr2026,158,,24.82999992370605,0.0401,-6.966896108573678,1.1549999999999998,26.0,0.26563234375,-0.3515117333001919
11Nov2025,C,21Nov2025,10,,25.18000030517578,0.0401,-7.139664316005386,4.875,2.0,2.050786123046875,0.8027448639810495
11Nov2025,C,21Nov2025,10,,25.18000030517578,0.0401,-7.090874151835954,4.6,21.0,1.173832255859375,0.8501540806725147
11Nov2025,C,21Nov2025,10,,25.18000030517578,0.0401,-7.044354136201061,3.325,10.0,0.6757844921875001,0.8984412636628218
11Nov2025,C,21Nov2025,10,,25.18000030517578,0.0401,-7.021881280349002,2.58,1.0,0.99023447265625,0.7809014519115591
11Nov2025,C,21Nov2025,10,,25.18000030517578,0.0401,-6.957342759211431,1.325,159.0,0.389654541015625,0.7862435056813143
11Nov2025,C,21Nov2025,10,,25.18000030517578,0.0401,-6.936723472008696,0.715,38.0,0.33789724609375,0.7044009871418524
11Nov2025,C,21Nov2025,10,,25.18000030517578,0.0401,-6.916520764691176,0.505,1573.0,0.2617261328125,0.5841905893718804
11Nov2025,C,21Nov2025,10,,25.18000030517578,0.0401,-6.896718137394997,0.25,4329.0,0.23926541992187497,0.39306913334819615
11Nov2025,C,21Nov2025,10,,25.18000030517578,0.0401,-6.877300051537895,0.10500000000000001,2790.0,0.2304764453125,0.2141313700130174
11Nov2025,C,21Nov2025,10,,25.18000030517578,0.0401,-6.551877651103267,0.04,2.0,1.0546922265625,0.025345580813164507
11Nov2025,C,21Nov2025,10,,25.18000030517578,0.0401,-6.524478676915153,0.44,1.0,1.82421962890625,0.13135502320100773
11Nov2025,C,28Nov2025,17,,25.18000030517578,0.0401,-7.001016262519116,2.3,1.0,0.526371923828125,0.8079591676664122
11Nov2025,C,28Nov2025,17,,25.18000030517578,0.0401,-6.95845664810032,1.325,28.0,0.334967587890625,0.7660550965515952
11Nov2025,C,28Nov2025,17,,25.18000030517578,0.0401,-6.917634653580065,0.6049999999999999,112.0,0.24805439453125,0.5775651593886324
11Nov2025,C,28Nov2025,17,,25.18000030517578,0.0401,-6.878413940426784,0.18,430.0,0.2304764453125,0.28032938865970647
11Nov2025,C,28Nov2025,17,,25.18000030517578,0.0401,-6.581162416958852,0.055,3.0,0.79687703125,0.034536985012520845
11Nov2025,C,05Dec2025,24,,25.18000030517578,0.0401,-6.918748542468954,0.725,73.0,0.25586681640625003,0.5723413389961605
11Nov2025,C,05Dec2025,24,,25.18000030517578,0.0401,-6.8795278293156725,0.275,1669.0,0.23535920898437498,0.3237888907651213
11Nov2025,C,05Dec2025,24,,25.18000030517578,0.0401,-6.841787501332826,0.075,55.0,0.2304764453125,0.1342190917350335
11Nov2025,C,05Dec2025,24,,25.18000030517578,0.0401,-6.805419857161951,0.05,5.0,0.32031929687499994,0.11137898793218576
11Nov2025,C,12Dec2025,31,,25.18000030517578,0.0401,-6.919862431357843,0.8300000000000001,16.0,0.27637442382812494,0.5681352343313167
11Nov2025,C,12Dec2025,31,,25.18000030517578,0.0401,-6.880641718204561,0.35,90.0,0.24805439453125,0.35940702764967114
11Nov2025,C,12Dec2025,31,,25.18000030517578,0.0401,-6.842901390221715,0.12000000000000001,202.0,0.233406103515625,0.1731290992175174
11Nov2025,C,12Dec2025,31,,25.18000030517578,0.0401,-6.80653374605084,0.055,110.0,0.28125718749999995,0.11264960666574042
11Nov2025,C,19Dec2025,38,,25.18000030517578,0.0401,-7.431801944012722,10.675,1.0,1.36328443359375,0.9202906897131096
11Nov2025,C,19Dec2025,38,,25.18000030517578,0.0401,-6.961798314766987,1.635,11.0,0.32031929687499994,0.7110502485598236
11Nov2025,C,19Dec2025,38,,25.18000030517578,0.0401,-6.920976320246732,0.91,254.0,0.25928475097656256,0.5704364273884743
11Nov2025,C,19Dec2025,38,,25.18000030517578,0.0401,-6.88175560709345,0.445,514.0,0.24414818359375,0.37660213529147557
11Nov2025,C,19Dec2025,38,,25.18000030517578,0.0401,-6.844015279110604,0.2,665.0,0.243171630859375,0.21272607783216535
11Nov2025,C,19Dec2025,38,,25.18000030517578,0.0401,-6.807647634939729,0.09000000000000001,195.0,0.25391371093750004,0.1143361527909853
11Nov2025,C,19Dec2025,38,,25.18000030517578,0.0401,-6.772556315128458,0.045,344.0,0.26758544921875,0.06124354624124872
11Nov2025,C,19Dec2025,38,,25.18000030517578,0.0401,-6.738654763452777,0.04,6.0,0.32813171874999997,0.059154035529236225
11Nov2025,C,19Dec2025,38,,25.18000030517578,0.0401,-6.705864940629786,0.23000000000000004,9.0,0.5127001855468749,0.12527490573173683
11Nov2025,C,19Dec2025,38,,25.18000030517578,0.0401,-6.584504083625519,0.025,123.0,0.5273484765625001,0.033949426169999006
11Nov2025,C,26Dec2025,45,,25.18000030517578,0.0401,-6.9629122036558755,1.69,1.0,0.31641308593749995,0.70265704194723
11Nov2025,C,26Dec2025,45,,25.18000030517578,0.0401,-6.922090209135621,0.9950000000000001,37.0,0.278327529296875,0.5686201539266973
11Nov2025,C,26Dec2025,45,,25.18000030517578,0.0401,-6.882869495982339,0.515,80.0,0.2514723291015625,0.3963535084020926
11Nov2025,C,26Dec2025,45,,25.18000030517578,0.0401,-6.845129167999493,0.24,47.0,0.25489026367187506,0.2483249489849002
11Nov2025,C,16Jan2026,66,,25.18000030517578,0.0401,-7.6594010508824875,13.325,1.0,1.0390673046875003,0.9722358151323234
11Nov2025,C,16Jan2026,66,,25.18000030517578,0.0401,-7.148575427116497,5.425,4.0,0.51562984375,0.8835893974444493
11Nov2025,C,16Jan2026,66,,25.18000030517578,0.0401,-7.053265247312172,3.525000000000001,7.0,0.37695935546875,0.8333846470928802
11Nov2025,C,16Jan2026,66,,25.18000030517578,0.0401,-6.966253870322542,1.7999999999999998,274.0,0.2924875439453124,0.6937071519544283
11Nov2025,C,16Jan2026,66,,25.18000030517578,0.0401,-6.925431875802287,1.1549999999999998,639.0,0.2553785400390626,0.5742214672372067
11Nov2025,C,16Jan2026,66,,25.18000030517578,0.0401,-6.886211162649006,0.675,276.0,0.2417068017578125,0.4247114693615295
11Nov2025,C,16Jan2026,66,,25.18000030517578,0.0401,-6.848470834666159,0.385,252.0,0.23975369628906246,0.28691601007477996
11Nov2025,C,16Jan2026,66,,25.18000030517578,0.0401,-6.812103190495284,0.22,224.0,0.24805439453125,0.18810354407054147
11Nov2025,C,16Jan2026,66,,25.18000030517578,0.0401,-6.777011870684014,0.135,1124.0,0.25879647460937505,0.12250110867879799
11Nov2025,C,16Jan2026,66,,25.18000030517578,0.0401,-6.743110319008332,0.08499999999999999,2972.0,0.27149166015625,0.08126779561787384
11Nov2025,C,16Jan2026,66,,25.18000030517578,0.0401,-6.678571797870761,0.04,32.0,0.3086006640625,0.044038224463977524
11Nov2025,C,16Jan2026,66,,25.18000030517578,0.0401,-6.647800139204008,0.04,2.0,0.3398503515625,0.040141129048553124
11Nov2025,C,20Feb2026,101,,25.18000030517578,0.0401,-7.0588346917566165,3.625,2.0,0.3461979443359374,0.8141597273458703
11Nov2025,C,20Feb2026,101,,25.18000030517578,0.0401,-6.971823314766986,2.3,5.0,0.37720349365234374,0.6543245819331178
11Nov2025,C,20Feb2026,101,,25.18000030517578,0.0401,-6.9310013202467315,1.48,302.0,0.2695385546875,0.5791625740633765
11Nov2025,C,20Feb2026,101,,25.18000030517578,0.0401,-6.891780607093451,1.0,208.0,0.25928475097656256,0.46596905977105474
11Nov2025,C,20Feb2026,101,,25.18000030517578,0.0401,-6.854040279110603,0.6699999999999999,75.0,0.25928475097656256,0.35863491631466016
11Nov2025,C,20Feb2026,101,,25.18000030517578,0.0401,-6.817672634939728,0.43500000000000005,95.0,0.2612378564453125,0.2666340949867081
11Nov2025,C,20Feb2026,101,,25.18000030517578,0.0401,-6.782581315128458,0.28,40.0,0.27197993652343744,0.20097290040801313
11Nov2025,C,20Feb2026,101,,25.18000030517578,0.0401,-6.7486797634527775,0.19,18.0,0.26856200195312496,0.13772454004407458
11Nov2025,C,20Feb2026,101,,25.18000030517578,0.0401,-6.715889940629786,0.125,9.0,0.28125718749999995,0.10447248105043583
11Nov2025,C,20Mar2026,129,,25.18000030517578,0.0401,-7.063290247312172,3.725,2.0,0.32959654785156245,0.8049160481563049
11Nov2025,C,20Mar2026,129,,25.18000030517578,0.0401,-6.976278870322543,2.175,30.0,0.28565167480468745,0.6740042396988004
11Nov2025,C,20Mar2026,129,,25.18000030517578,0.0401,-6.935456875802287,1.68,18.0,0.2722240747070312,0.584266453357191
11Nov2025,C,20Mar2026,129,,25.18000030517578,0.0401,-6.896236162649006,1.21,38.0,0.266608896484375,0.4866285537107152
11Nov2025,C,20Mar2026,129,,25.18000030517578,0.0401,-6.858495834666159,0.85,189.0,0.2622144091796875,0.3901903183581788
11Nov2025,C,20Mar2026,129,,25.18000030517578,0.0401,-6.822128190495284,0.595,1341.0,0.2622144091796875,0.30428330688299954
11Nov2025,C,20Mar2026,129,,25.18000030517578,0.0401,-6.787036870684013,0.41500000000000004,47.0,0.2651440673828125,0.23350498336630154
11Nov2025,C,20Mar2026,129,,25.18000030517578,0.0401,-6.753135319008333,0.26,242.0,0.270515107421875,0.17864162162716107
11Nov2025,C,20Mar2026,129,,25.18000030517578,0.0401,-6.720345496185342,0.21000000000000002,26.0,0.2749095947265625,0.1348226970614662
11Nov2025,C,20Mar2026,129,,25.18000030517578,0.0401,-6.688596797870761,0.09000000000000001,106.0,0.28516339843749994,0.10647821742537217
11Nov2025,C,20Mar2026,129,,25.18000030517578,0.0401,-6.598984639181074,0.09,1.0,0.32910827148437494,0.06516442947548172
11Nov2025,C,17Apr2026,157,,25.18000030517578,0.0401,-7.163055982672052,5.75,1.0,0.48438015625,0.8259123900428682
11Nov2025,C,17Apr2026,157,,25.18000030517578,0.0401,-7.067745802867727,3.375,3.0,0.31909860595703116,0.7973413853620583
11Nov2025,C,17Apr2026,157,,25.18000030517578,0.0401,-6.939912431357842,1.7850000000000001,104.0,0.2712475219726562,0.5894903288179107
11Nov2025,C,17Apr2026,157,,25.18000030517578,0.0401,-6.862951390221714,0.915,94.0,0.2585523364257813,0.4109720845276338
11Nov2025,C,17Apr2026,157,,25.18000030517578,0.0401,-6.826583746050839,0.65,73.0,0.260749580078125,0.3320081057505186
11Nov2025,C,17Apr2026,157,,25.18000030517578,0.0401,-6.79149242623957,0.52,48.0,0.264655791015625,0.26513631241286384
11Nov2025,C,17Apr2026,157,,25.18000030517578,0.0401,-6.757590874563888,0.28500000000000003,39.0,0.26709717285156254,0.20788292475539427
11Nov2025,C,17Apr2026,157,,25.18000030517578,0.0401,-6.724801051740897,0.28,1.0,0.2749095947265625,0.16665325627805805
11Nov2025,C,17Apr2026,157,,25.18000030517578,0.0401,-6.693052353426317,0.29,2.0,0.32910827148437494,0.17810286346565352
11Nov2025,C,17Apr2026,157,,25.18000030517578,0.0401,-6.6034401947366295,0.145,2.0,0.3569400244140625,0.11200491948772923
11Nov2025,C,17Apr2026,157,,25.18000030517578,0.0401,-6.469908802112107,0.04,1.0,0.35938140625,0.038146629058253397
11Nov2025,C,18Jun2026,219,,25.18000030517578,0.0401,-7.1729218556879255,5.625,1.0,0.34009448974609374,0.863752045747539
11Nov2025,C,18Jun2026,219,,25.18000030517578,0.0401,-7.077611675883601,4.4,22.0,0.43604079589843747,0.7388592064847405
11Nov2025,C,18Jun2026,219,,25.18000030517578,0.0401,-7.033159913312767,3.325,13.0,0.29492892578124996,0.7310310036427203
11Nov2025,C,18Jun2026,219,,25.18000030517578,0.0401,-6.990600298893971,2.5999999999999996,15.0,0.2819896020507812,0.6697051712091866
11Nov2025,C,18Jun2026,219,,25.18000030517578,0.0401,-6.949778304373716,2.09,19.0,0.2815013256835937,0.5995831815824881
11Nov2025,C,18Jun2026,219,,25.18000030517578,0.0401,-6.872817263237588,1.275,13.0,0.2590406127929688,0.4492465331447896
11Nov2025,C,18Jun2026,219,,25.18000030517578,0.0401,-6.836449619066713,0.885,18.0,0.25830819824218754,0.3781830253692643
11Nov2025,C,18Jun2026,219,,25.18000030517578,0.0401,-6.801358299255442,0.755,35.0,0.2624585473632813,0.3174755799847127
11Nov2025,C,18Jun2026,219,,25.18000030517578,0.0401,-6.767456747579761,0.585,16.0,0.26587648193359376,0.2641350950023845
11Nov2025,C,18Jun2026,219,,25.18000030517578,0.0401,-6.70291822644219,0.36,2469.0,0.2700268310546875,0.17713900945717365
11Nov2025,C,18Jun2026,219,,25.18000030517578,0.0401,-6.613306067752503,0.20500000000000002,57.0,0.29932341308593746,0.11495767519187217
11Nov2025,C,18Jun2026,219,,25.18000030517578,0.0401,-6.47977467512798,0.1,30.0,0.32910827148437494,0.055501666737736925
11Nov2025,C,18Sep2026,311,,25.18000030517578,0.0401,-7.187561538227608,5.375,40.0,0.3112861840820312,0.8563662464797437
11Nov2025,C,18Sep2026,311,,25.18000030517578,0.0401,-7.0477995958524495,3.55,4.0,0.28394270751953116,0.7280457485503569
11Nov2025,C,18Sep2026,311,,25.18000030517578,0.0401,-6.964417986913398,2.4749999999999996,23.0,0.266608896484375,0.6144886355865976
11Nov2025,C,18Sep2026,311,,25.18000030517578,0.0401,-6.88745694577727,1.5299999999999998,79.0,0.25708750732421876,0.4874583546122641
11Nov2025,C,18Sep2026,311,,25.18000030517578,0.0401,-6.782096430119443,0.845,203.0,0.25977302734375,0.3198775748941597
11Nov2025,C,18Sep2026,311,,25.18000030517578,0.0401,-6.717557908981872,0.53,25.0,0.26050544189453123,0.23133986480578422
11Nov2025,C,18Sep2026,311,,25.18000030517578,0.0401,-6.627945750292185,0.37,104.0,0.305671005859375,0.1827567018052469
11Nov2025,C,18Sep2026,311,,25.18000030517578,0.0401,-6.4944143576676625,0.16,2.0,0.31592480957031244,0.0927311277752581
11Nov2025,P,21Nov2025,10,,25.18000030517578,0.0401,-6.957342759211431,0.07,90.0,0.27149166015625,-0.1324295508154394
11Nov2025,P,21Nov2025,10,,25.18000030517578,0.0401,-6.936723472008696,0.135,353.0,0.245124736328125,-0.2351116061870746
11Nov2025,P,21Nov2025,10,,25.18000030517578,0.0401,-6.916520764691176,0.29000000000000004,337.0,0.23731231445312498,-0.4089483165588378
11Nov2025,P,21Nov2025,10,,25.18000030517578,0.0401,-6.896718137394997,0.525,85.0,0.21973436523437498,-0.6174621216591586
11Nov2025,P,21Nov2025,10,,25.18000030517578,0.0401,-6.877300051537895,0.8799999999999999,23.0,0.25586681640625003,-0.7610129829931542
11Nov2025,P,21Nov2025,10,,25.18000030517578,0.0401,-6.8582518565672,1.2999999999999998,1.0,0.27735097656249996,-0.8568126078533416
11Nov2025,P,21Nov2025,10,,25.18000030517578,0.0401,-6.839559723555047,2.305,69.0,0.684573466796875,-0.7086804423811772
11Nov2025,P,21Nov2025,10,,25.18000030517578,0.0401,-6.803192079384173,2.3,2.0,1.0957076464843751,-0.6874292059344804
11Nov2025,P,21Nov2025,10,,25.18000030517578,0.0401,-6.768100759572903,4.125,1.0,0.84179845703125,-0.8254039955841677
11Nov2025,P,21Nov2025,10,,25.18000030517578,0.0401,-6.685409043727789,6.8500000000000005,1.0,1.359378203125,-0.8099918256880956
11Nov2025,P,28Nov2025,17,,25.18000030517578,0.0401,-7.001016262519116,0.04,2.0,0.2890696093749999,-0.06517877211175405
11Nov2025,P,28Nov2025,17,,25.18000030517578,0.0401,-6.95845664810032,0.11,65.0,0.23828886718749998,-0.15978569494693895
11Nov2025,P,28Nov2025,17,,25.18000030517578,0.0401,-6.917634653580065,0.355,47.0,0.20996883789062498,-0.41208092765139037
11Nov2025,P,28Nov2025,17,,25.18000030517578,0.0401,-6.878413940426784,0.9499999999999998,101.0,0.23633576171874998,-0.7143672389915932
11Nov2025,P,28Nov2025,17,,25.18000030517578,0.0401,-6.804305968273062,3.33,1.0,0.6660189648437502,-0.7433402791642023
11Nov2025,P,05Dec2025,24,,25.18000030517578,0.0401,-7.002130151408005,0.07,3.0,0.2841868457031249,-0.09420767348577241
11Nov2025,P,05Dec2025,24,,25.18000030517578,0.0401,-6.959570536989209,0.16999999999999998,60.0,0.23535920898437498,-0.19238568114160248
11Nov2025,P,05Dec2025,24,,25.18000030517578,0.0401,-6.918748542468954,0.44999999999999996,4.0,0.21680470703125,-0.41907063237283393
11Nov2025,P,05Dec2025,24,,25.18000030517578,0.0401,-6.8795278293156725,0.9,3.0,0.21680470703125,-0.691889418299784
11Nov2025,P,05Dec2025,24,,25.18000030517578,0.0401,-6.841787501332826,1.7850000000000001,4.0,0.27735097656249996,-0.8182264469014241
11Nov2025,P,12Dec2025,31,,25.18000030517578,0.0401,-7.003244040296893,0.085,3.0,0.2978585839843749,-0.13011507915253495
11Nov2025,P,12Dec2025,31,,25.18000030517578,0.0401,-6.960684425878098,0.215,5.0,0.23926541992187497,-0.22004812759034298
11Nov2025,P,12Dec2025,31,,25.18000030517578,0.0401,-6.919862431357843,0.515,6.0,0.2387771435546875,-0.42589570503723007
11Nov2025,P,12Dec2025,31,,25.18000030517578,0.0401,-6.880641718204561,0.9650000000000001,2.0,0.21094539062499998,-0.6682725968896226
11Nov2025,P,19Dec2025,38,,25.18000030517578,0.0401,-7.095329707391509,0.045,1.0,0.37305314453125,-0.05447222845198807
11Nov2025,P,19Dec2025,38,,25.18000030517578,0.0401,-7.048809691756617,0.07,20.0,0.304694453125,-0.07147866557765148
11Nov2025,P,19Dec2025,38,,25.18000030517578,0.0401,-7.004357929185783,0.13,74.0,0.257819921875,-0.11893161323351786
11Nov2025,P,19Dec2025,38,,25.18000030517578,0.0401,-6.961798314766987,0.28500000000000003,169.0,0.23584748535156247,-0.2346493674513359
11Nov2025,P,19Dec2025,38,,25.18000030517578,0.0401,-6.920976320246732,0.605,231.0,0.21875781249999998,-0.42227435331223606
11Nov2025,P,19Dec2025,38,,25.18000030517578,0.0401,-6.88175560709345,1.095,28.0,0.21436332519531248,-0.6437058087542408
11Nov2025,P,19Dec2025,38,,25.18000030517578,0.0401,-6.844015279110604,1.825,85.0,0.2299881689453125,-0.8015190381297066
11Nov2025,P,19Dec2025,38,,25.18000030517578,0.0401,-6.738654763452777,4.725,1.0,0.8125018749999999,-0.6988454299168684
11Nov2025,P,19Dec2025,38,,25.18000030517578,0.0401,-6.528934232470708,12.075,2.0,0.8164080859374999,-0.9054876974040953
11Nov2025,P,26Dec2025,45,,25.18000030517578,0.0401,-6.9629122036558755,0.3,18.0,0.24463645996093752,-0.25486293376784386
11Nov2025,P,26Dec2025,45,,25.18000030517578,0.0401,-6.922090209135621,0.62,83.0,0.23242955078125,-0.42493260773028496
11Nov2025,P,26Dec2025,45,,25.18000030517578,0.0401,-6.882869495982339,1.175,1.0,0.2124102197265625,-0.6278264174363938
11Nov2025,P,16Jan2026,66,,25.18000030517578,0.0401,-7.311094356614272,0.045,10.0,0.507817421875,-0.024954552755232173
11Nov2025,P,16Jan2026,66,,25.18000030517578,0.0401,-7.148575427116497,0.085,35.0,0.36035795898437495,-0.0518720213334668
11Nov2025,P,16Jan2026,66,,25.18000030517578,0.0401,-7.053265247312172,0.14500000000000002,66.0,0.28516339843749994,-0.10863963045516845
11Nov2025,P,16Jan2026,66,,25.18000030517578,0.0401,-7.008813484741339,0.30500000000000005,12.0,0.26709717285156254,-0.17932779653448516
11Nov2025,P,16Jan2026,66,,25.18000030517578,0.0401,-6.966253870322542,0.55,426.0,0.2534254345703125,-0.28551065909564666
11Nov2025,P,16Jan2026,66,,25.18000030517578,0.0401,-6.925431875802287,0.925,347.0,0.24414818359375,-0.42431980101432554
11Nov2025,P,16Jan2026,66,,25.18000030517578,0.0401,-6.886211162649006,1.49,65.0,0.24414818359375,-0.5741396283339546
11Nov2025,P,16Jan2026,66,,25.18000030517578,0.0401,-6.848470834666159,2.19,65.0,0.2973703076171874,-0.6668820074061543
11Nov2025,P,16Jan2026,66,,25.18000030517578,0.0401,-6.812103190495284,3.01,29.0,0.2827220166015625,-0.7771372256285055
11Nov2025,P,16Jan2026,66,,25.18000030517578,0.0401,-6.777011870684014,3.9500000000000006,9.0,0.29883513671874995,-0.8391388294313178
11Nov2025,P,16Jan2026,66,,25.18000030517578,0.0401,-6.743110319008332,4.9,2.0,0.422857333984375,-0.8006164504668416
11Nov2025,P,16Jan2026,66,,25.18000030517578,0.0401,-6.560788762214378,10.6,1.0,0.8862316064453124,-0.7706211037450481
11Nov2025,P,16Jan2026,66,,25.18000030517578,0.0401,-6.506721540944103,12.925,2.0,0.5429733203125001,-0.9490326516299478
11Nov2025,P,16Jan2026,66,,25.18000030517578,0.0401,-6.455428246556552,14.975000000000001,2.0,0.63867548828125,-0.9384252439631356
11Nov2025,P,20Feb2026,101,,25.18000030517578,0.0401,-7.105354707391509,0.375,1.0,0.43018147949218755,-0.16743041583583085
11Nov2025,P,20Feb2026,101,,25.18000030517578,0.0401,-7.0588346917566165,0.35,1.0,0.29883513671874995,-0.15672095139498887
11Nov2025,P,20Feb2026,101,,25.18000030517578,0.0401,-7.014382929185783,0.54,95.0,0.274421318359375,-0.21876890718145559
11Nov2025,P,20Feb2026,101,,25.18000030517578,0.0401,-6.971823314766986,0.8300000000000001,10.0,0.26367923828125,-0.31016481038229127
11Nov2025,P,20Feb2026,101,,25.18000030517578,0.0401,-6.9310013202467315,1.2349999999999999,72.0,0.2563550927734375,-0.4196023499785636
11Nov2025,P,20Feb2026,101,,25.18000030517578,0.0401,-6.891780607093451,1.7749999999999997,24.0,0.25196060546875,-0.5365707479978317
11Nov2025,P,20Mar2026,129,,25.18000030517578,0.0401,-7.2639609427743235,0.34500000000000003,9.0,0.5810588769531251,-0.11791070670932757
11Nov2025,P,20Mar2026,129,,25.18000030517578,0.0401,-7.1098102629470645,0.32,1.0,0.309577216796875,-0.12397073684312176
11Nov2025,P,20Mar2026,129,,25.18000030517578,0.0401,-7.063290247312172,0.44,116.0,0.2797923583984374,-0.1635355126224316
11Nov2025,P,20Mar2026,129,,25.18000030517578,0.0401,-7.018838484741338,0.65,507.0,0.2661206201171875,-0.22932520568985182
11Nov2025,P,20Mar2026,129,,25.18000030517578,0.0401,-6.976278870322543,0.9599999999999999,30.0,0.256843369140625,-0.31437195419445074
11Nov2025,P,20Mar2026,129,,25.18000030517578,0.0401,-6.935456875802287,1.375,26.0,0.25049577636718745,-0.41379129249506885
11Nov2025,P,20Mar2026,129,,25.18000030517578,0.0401,-6.896236162649006,1.9149999999999998,38.0,0.24829853271484376,-0.5188559419528582
11Nov2025,P,20Mar2026,129,,25.18000030517578,0.0401,-6.858495834666159,2.545,506.0,0.24414818359375,-0.621944881688565
11Nov2025,P,20Mar2026,129,,25.18000030517578,0.0401,-6.822128190495284,3.275000000000001,56.0,0.2461012890625,-0.710738585932468
11Nov2025,P,20Mar2026,129,,25.18000030517578,0.0401,-6.543414788026263,12.0,4.0,0.7985859985351562,-0.7065850317035727
11Nov2025,P,20Mar2026,129,,25.18000030517578,0.0401,-6.490771054540842,13.899999999999999,2.0,0.7919942675781251,-0.7465596259826589
11Nov2025,P,17Apr2026,157,,25.18000030517578,0.0401,-7.114265818502621,0.37999999999999995,22.0,0.3090889404296875,-0.13964297618105803
11Nov2025,P,17Apr2026,157,,25.18000030517578,0.0401,-7.067745802867727,0.6000000000000001,62.0,0.29492892578124996,-0.1883865006189237
11Nov2025,P,17Apr2026,157,,25.18000030517578,0.0401,-7.023294040296894,0.815,228.0,0.274421318359375,-0.24542014349725172
11Nov2025,P,17Apr2026,157,,25.18000030517578,0.0401,-6.939912431357842,1.5099999999999998,42.0,0.2622144091796875,-0.4098226038207351
11Nov2025,P,17Apr2026,157,,25.18000030517578,0.0401,-6.900691718204562,2.01,20.0,0.2556226782226563,-0.5017723185217209
11Nov2025,P,17Apr2026,157,,25.18000030517578,0.0401,-6.757590874563888,5.775,2.0,0.5085498364257812,-0.6204448245573067
11Nov2025,P,17Apr2026,157,,25.18000030517578,0.0401,-6.469908802112107,14.7,2.0,0.7980977221679688,-0.722255176533272
11Nov2025,P,18Jun2026,219,,25.18000030517578,0.0401,-7.278282371345752,0.245,25.0,0.340826904296875,-0.06750561632123508
11Nov2025,P,18Jun2026,219,,25.18000030517578,0.0401,-7.1729218556879255,0.42000000000000004,1005.0,0.30225307128906254,-0.1143779493530499
11Nov2025,P,18Jun2026,219,,25.18000030517578,0.0401,-7.124131691518493,0.56,2.0,0.29004616210937495,-0.15211511216130336
11Nov2025,P,18Jun2026,219,,25.18000030517578,0.0401,-7.033159913312767,1.05,1.0,0.26856200195312496,-0.25624060497267065
11Nov2025,P,18Jun2026,219,,25.18000030517578,0.0401,-6.949778304373716,1.7799999999999998,1.0,0.25708750732421876,-0.39881490753262794
11Nov2025,P,18Jun2026,219,,25.18000030517578,0.0401,-6.910557591220434,2.33,1.0,0.25269302001953126,-0.4772467006191169
11Nov2025,P,18Jun2026,219,,25.18000030517578,0.0401,-6.801358299255442,4.375,2.0,0.2534254345703125,-0.6910448239337363
11Nov2025,P,18Jun2026,219,,25.18000030517578,0.0401,-6.47977467512798,14.875,1.0,0.6757844921875001,-0.7178543162528729
11Nov2025,P,18Sep2026,311,,25.18000030517578,0.0401,-7.187561538227608,0.615,2.0,0.2910227148437499,-0.1315970655592591
11Nov2025,P,18Sep2026,311,,25.18000030517578,0.0401,-7.0477995958524495,1.5150000000000001,1.0,0.3166572241210937,-0.28337327033342996
11Nov2025,P,18Sep2026,311,,25.18000030517578,0.0401,-6.964417986913398,2.21,53.0,0.25928475097656256,-0.3849895290015566
11Nov2025,P,18Sep2026,311,,25.18000030517578,0.0401,-6.88745694577727,3.325,33.0,0.25403578002929694,-0.5138221841965298
