dateraw,cp_flag,exdateraw,tauday,x,s,tr,money,oprice,volume,iv,deltachk,date,X
27Oct2025,P,20Mar2026,144,110.0,112.33999633789062,0.0411,-6.952290581981275,6.825,3.0,0.2882151257324218,-0.3834771348073477,2025-10-27,
27Oct2025,C,07Nov2025,11,109.0,112.33999633789062,0.0409,-6.939722668719152,3.75,1.0,0.313483427734375,0.7272330218554135,2025-10-27,
27Oct2025,C,14Nov2025,18,130.0,112.33999633789062,0.0409,-6.764672211603823,0.295,3.0,0.46289599609375,0.0886165972584717,2025-10-27,
27Oct2025,C,21Nov2025,25,145.0,112.33999633789062,0.0409,-6.656609030749944,0.235,2.0,0.543949873046875,0.0443935836674939,2025-10-27,
27Oct2025,C,28Nov2025,32,121.0,112.33999633789062,0.0409,-6.838688338684888,1.44,1.0,0.3713441772460937,0.2783333629872282,2025-10-27,
27Oct2025,C,05Dec2025,39,125.0,112.33999633789062,0.0409,-6.807301258090439,0.955,3.0,0.3400944897460937,0.1933398653554082,2025-10-27,
27Oct2025,C,19Dec2025,53,105.0,112.33999633789062,0.0409,-6.983926867457439,9.75,2.0,0.3712221081542969,0.7225321268027187,2025-10-27,
27Oct2025,C,16Jan2026,81,180.0,112.33999633789062,0.0409,-6.449474811169196,0.04,23.0,0.4179745703124999,0.0122340819949233,2025-10-27,
27Oct2025,C,20Feb2026,116,165.0,112.33999633789062,0.0409,-6.542166743714381,0.275,2.0,0.3784241845703124,0.0510937726548525,2025-10-27,
27Oct2025,C,20Mar2026,144,150.0,112.33999633789062,0.0409,-6.64202136796315,0.8,11.0,0.3275213732910156,0.1104676768469804,2025-10-27,
27Oct2025,C,17Apr2026,172,170.0,112.33999633789062,0.0409,-6.521402669453589,0.375,2.0,0.3444889770507812,0.0603220239758081,2025-10-27,
27Oct2025,C,15May2026,200,175.0,112.33999633789062,0.0409,-6.496959577024781,0.47,2.0,0.3493717407226562,0.0670685430971581,2025-10-27,
27Oct2025,C,18Jun2026,234,185.0,112.33999633789062,0.0409,-6.446907979838224,0.385,2.0,0.3513248461914062,0.0618506302440458,2025-10-27,
27Oct2025,C,18Sep2026,326,135.0,112.33999633789062,0.0409,-6.7769207725098655,5.2,1.0,0.3079903186035155,0.3593361900358687,2025-10-27,
27Oct2025,P,07Nov2025,11,121.0,112.33999633789062,0.0409,-6.835280005351554,9.4,11.0,0.506840869140625,-0.7840623089146468,2025-10-27,
27Oct2025,P,14Nov2025,18,116.0,112.33999633789062,0.0409,-6.878616470953041,6.25,2.0,0.4299373413085938,-0.6052382570186715,2025-10-27,
27Oct2025,P,21Nov2025,25,120.0,112.33999633789062,0.0409,-6.845851030388472,9.425,11.0,0.3986876538085938,-0.7099211473895215,2025-10-27,
27Oct2025,P,28Nov2025,32,126.0,112.33999633789062,0.0409,-6.79819697733015,14.35,2.0,0.3911193701171874,-0.8164757426996175,2025-10-27,
27Oct2025,P,05Dec2025,39,112.0,112.33999633789062,0.0409,-6.917116124097645,4.800000000000001,4.0,0.358404853515625,-0.4515476708621125,2025-10-27,
27Oct2025,P,19Dec2025,53,70.0,112.33999633789062,0.0409,-7.389391975565602,0.055,5.0,0.5214891601562499,-0.0060420398972974,2025-10-27,
27Oct2025,P,16Jan2026,81,140.0,112.33999633789062,0.0409,-6.700789239450102,28.125,1.0,0.3269110278320312,-0.9020545345474368,2025-10-27,
27Oct2025,P,20Feb2026,116,100.0,112.33999633789062,0.0409,-7.04294203162687,3.01,74.0,0.317389638671875,-0.2082723931044976,2025-10-27,
27Oct2025,P,17Apr2026,172,85.0,112.33999633789062,0.0409,-7.214549850013534,1.245,3.0,0.3449772534179687,-0.0841914304056022,2025-10-27,
27Oct2025,P,15May2026,200,115.0,112.33999633789062,0.0409,-6.9168134225850455,10.575,1.0,0.274848560180664,-0.4614211569466538,2025-10-27,
27Oct2025,P,18Jun2026,234,120.0,112.33999633789062,0.0409,-6.879772062134503,13.725,1.0,0.2573926800537109,-0.535771975460759,2025-10-27,
27Oct2025,P,18Sep2026,326,80.0,112.33999633789062,0.0409,-7.300168916274413,1.95,2.0,0.3293524096679687,-0.0863262527819015,2025-10-27,
28Oct2025,C,07Nov2025,10,135.0,111.6500015258789,0.0407,-6.719464571861581,0.05,22.0,0.5507857421875001,0.0214210383571242,2025-10-28,
28Oct2025,C,21Nov2025,24,165.0,111.6500015258789,0.0407,-6.52105498751054,0.0699999999999999,2.0,0.6660189648437502,0.014411187120428,2025-10-28,
28Oct2025,C,28Nov2025,31,124.0,111.6500015258789,0.0407,-6.80784945136164,1.495,1.0,0.5942423388671876,0.3088016015857446,2025-10-28,
28Oct2025,C,05Dec2025,38,123.0,111.6500015258789,0.0407,-6.817077217149815,1.21,3.0,0.4146787048339844,0.2659814758110619,2025-10-28,
28Oct2025,C,16Jan2026,80,160.0,111.6500015258789,0.0407,-6.560871090621739,0.15,6.0,0.42188078125,0.046694277110661,2025-10-28,
28Oct2025,C,20Feb2026,115,170.0,111.6500015258789,0.0407,-6.505899246583081,0.545,3.0,0.5083056982421875,0.0992302226583825,2025-10-28,
28Oct2025,C,20Mar2026,143,180.0,111.6500015258789,0.0407,-6.453263054965356,0.535,2.0,0.4960987890625,0.0915263266657217,2025-10-28,
28Oct2025,C,15May2026,199,160.0,111.6500015258789,0.0407,-6.580090535066184,0.61,1.0,0.3555972644042968,0.1241382282108404,2025-10-28,
28Oct2025,C,18Jun2026,233,135.0,111.6500015258789,0.0407,-6.755480841702851,3.55,1.0,0.3170844659423828,0.3013996318295246,2025-10-28,
28Oct2025,C,18Sep2026,325,160.0,111.6500015258789,0.0407,-6.600440535066183,2.125,4.0,0.3471744970703124,0.2050022682385978,2025-10-28,
28Oct2025,P,07Nov2025,10,117.0,111.6500015258789,0.0407,-6.862565415502254,6.225,2.0,0.3967345483398438,-0.7463145794677292,2025-10-28,
28Oct2025,P,21Nov2025,24,125.0,111.6500015258789,0.0407,-6.79868672410882,14.8,1.0,0.5566450585937501,-0.7583982142843644,2025-10-28,
28Oct2025,P,28Nov2025,31,114.0,111.6500015258789,0.0407,-6.891932568572181,6.8,55.0,0.4434870104980468,-0.5278211599361966,2025-10-28,
28Oct2025,P,19Dec2025,52,135.0,111.6500015258789,0.0407,-6.726247905194914,24.375,25.0,0.4626518579101563,-0.8332232206525636,2025-10-28,
28Oct2025,P,16Jan2026,80,80.0,111.6500015258789,0.0407,-7.254018271181684,0.45,3.0,0.4838918798828125,-0.0521781667930789,2025-10-28,
28Oct2025,P,17Apr2026,171,115.0,111.6500015258789,0.0407,-6.9058099997145375,10.65,25.0,0.2772899420166015,-0.4842064596400343,2025-10-28,
28Oct2025,P,15May2026,199,100.0,111.6500015258789,0.0407,-7.050094164311918,5.1,5.0,0.3274603387451171,-0.2519294858601626,2025-10-28,
28Oct2025,P,18Jun2026,233,105.0,111.6500015258789,0.0407,-7.006795269983757,7.525,7.0,0.3223944714355468,-0.3198712574758933,2025-10-28,
28Oct2025,P,18Sep2026,325,105.0,111.6500015258789,0.0407,-7.021654000142487,8.675,159.0,0.2945016839599609,-0.3119494170898166,2025-10-28,
29Oct2025,C,07Nov2025,9,127.0,110.23999786376952,0.0403,-6.767667266125182,0.28,23.0,0.53320779296875,0.0508583246189978,2025-10-29,
29Oct2025,C,14Nov2025,16,109.0,110.23999786376952,0.0403,-6.921625914799074,6.4,10.0,0.5258836474609375,0.5690024153400286,2025-10-29,
29Oct2025,C,21Nov2025,23,108.0,110.23999786376952,0.0403,-6.931962014348443,7.2,4.0,0.4875539526367188,0.5985811352713238,2025-10-29,
29Oct2025,C,05Dec2025,37,130.0,110.23999786376952,0.0403,-6.748797679905969,0.64,1.0,0.3845276391601562,0.1052628874844684,2025-10-29,
29Oct2025,C,19Dec2025,51,185.0,110.23999786376952,0.0403,-6.398215194172115,0.1,3.0,0.5751995605468749,0.0114802692126283,2025-10-29,
29Oct2025,C,16Jan2026,79,170.0,110.23999786376952,0.0403,-6.487250359977955,0.115,2.0,0.4458063232421875,0.0260296722030696,2025-10-29,
29Oct2025,C,20Feb2026,114,155.0,110.23999786376952,0.0403,-6.585220902331193,0.355,19.0,0.3476627734374999,0.0557018814418424,2025-10-29,
29Oct2025,C,20Mar2026,142,185.0,110.23999786376952,0.0403,-6.412767971949893,0.155,72.0,0.383795224609375,0.0239970994480824,2025-10-29,
29Oct2025,C,17Apr2026,170,175.0,110.23999786376952,0.0403,-6.472815600882481,0.3,60.0,0.3481510498046875,0.040302974600309,2025-10-29,
29Oct2025,C,18Jun2026,232,180.0,110.23999786376952,0.0403,-6.454559803280865,0.475,1.0,0.3420475952148437,0.0584805114187795,2025-10-29,
29Oct2025,C,18Sep2026,324,145.0,110.23999786376952,0.0403,-6.685495610163199,3.975,1.0,0.3302679278564453,0.2708487558225804,2025-10-29,
29Oct2025,P,14Nov2025,16,117.0,110.23999786376952,0.0403,-6.850799862230462,7.175,1.0,0.4777884252929688,-0.700993546995194,2025-10-29,
29Oct2025,P,28Nov2025,30,119.0,110.23999786376952,0.0403,-6.836089192805577,8.524999999999999,2.0,0.3634096862792969,-0.7421628003611286,2025-10-29,
29Oct2025,P,16Jan2026,79,140.0,110.23999786376952,0.0403,-6.681406374418914,27.45,9.0,0.2912668530273437,-0.948608646854542,2025-10-29,
29Oct2025,P,20Feb2026,114,125.0,110.23999786376952,0.0403,-6.800332281948139,15.525,90.0,0.2874216766357421,-0.7335498687186346,2025-10-29,
29Oct2025,P,20Mar2026,142,80.0,110.23999786376952,0.0403,-7.251097162354336,0.8400000000000001,80.0,0.4047911083984374,-0.0723834131305316,2025-10-29,
29Oct2025,P,15May2026,198,110.0,110.23999786376952,0.0403,-6.941598986791357,8.725,5.0,0.3181830877685546,-0.4130290636373011,2025-10-29,
29Oct2025,P,18Sep2026,324,120.0,110.23999786376952,0.0403,-6.874737609801727,16.025,36.0,0.2868113311767577,-0.5185193374684811,2025-10-29,
30Oct2025,C,14Nov2025,15,145.0,111.83999633789062,0.0405,-6.6505014965885945,0.105,11.0,0.5986368261718751,0.0194476672669625,2025-10-30,
30Oct2025,C,21Nov2025,22,160.0,111.83999633789062,0.0405,-6.553186423775341,0.18,2.0,0.7041045214843751,0.0243587302040993,2025-10-30,
30Oct2025,C,28Nov2025,29,135.0,111.83999633789062,0.0405,-6.724210460570739,0.43,2.0,0.4892629199218751,0.1016131293441918,2025-10-30,
30Oct2025,C,05Dec2025,36,123.0,111.83999633789062,0.0405,-6.818425883636751,1.495,2.0,0.3900207482910156,0.2474069694281467,2025-10-30,
30Oct2025,C,19Dec2025,50,170.0,111.83999633789062,0.0405,-6.497061801958907,0.05,14.0,0.49023947265625,0.0143917804541358,2025-10-30,
30Oct2025,C,16Jan2026,78,175.0,111.83999633789062,0.0405,-6.472574265085655,0.055,9.0,0.4160214648437499,0.0143764128041447,2025-10-30,
30Oct2025,C,20Feb2026,113,150.0,111.83999633789062,0.0405,-6.632349944912913,0.52,10.0,0.3383855224609374,0.0809869246534875,2025-10-30,
30Oct2025,C,20Mar2026,141,155.0,111.83999633789062,0.0405,-6.604060122089922,0.5449999999999999,2.0,0.3327703442382813,0.0809278063898428,2025-10-30,
30Oct2025,C,17Apr2026,169,150.0,111.83999633789062,0.0405,-6.641349944912912,0.975,25.0,0.317267569580078,0.1220050807722325,2025-10-30,
30Oct2025,C,15May2026,197,165.0,111.83999633789062,0.0405,-6.550539765108588,0.685,2.0,0.3325262060546875,0.0837605288496096,2025-10-30,
30Oct2025,C,18Jun2026,231,155.0,111.83999633789062,0.0405,-6.618524407804207,1.58,2.0,0.3264227514648437,0.151924800280927,2025-10-30,
30Oct2025,C,18Sep2026,323,180.0,111.83999633789062,0.0405,-6.483778388118958,1.03,10.0,0.3315496533203125,0.1047475036619525,2025-10-30,
30Oct2025,P,14Nov2025,15,125.0,111.83999633789062,0.0405,-6.798921501706867,13.574999999999998,3.0,0.5422409057617189,-0.8268811747873812,2025-10-30,
30Oct2025,P,21Nov2025,22,140.0,111.83999633789062,0.0405,-6.686717816399864,27.9,2.0,0.58789474609375,-0.9287932917015678,2025-10-30,
30Oct2025,P,28Nov2025,29,116.0,111.83999633789062,0.0405,-6.875895047902803,6.725,47.0,0.3956359265136719,-0.5959480809908669,2025-10-30,
30Oct2025,P,05Dec2025,36,112.0,111.83999633789062,0.0405,-6.912111367714074,4.925000000000001,21.0,0.4057676611328125,-0.4665902581017592,2025-10-30,
30Oct2025,P,16Jan2026,78,130.0,111.83999633789062,0.0405,-6.769825788553586,18.55,24.0,0.3338689660644531,-0.8000085771334963,2025-10-30,
30Oct2025,P,20Feb2026,113,120.0,111.83999633789062,0.0405,-6.855493496227123,11.875,2.0,0.3010323803710937,-0.6032759308345459,2025-10-30,
30Oct2025,P,20Mar2026,141,90.0,111.83999633789062,0.0405,-7.147675568678904,1.585,8.0,0.3463200134277343,-0.1170919184459922,2025-10-30,
30Oct2025,P,17Apr2026,169,120.0,111.83999633789062,0.0405,-6.864493496227122,12.475,5.0,0.2767406311035155,-0.5715172646241498,2025-10-30,
30Oct2025,P,15May2026,197,115.0,111.83999633789062,0.0405,-6.911553110645919,11.05,2.0,0.3161079132080078,-0.464039257459834,2025-10-30,
31Oct2025,C,14Nov2025,14,155.0,112.62000274658205,0.0405,-6.590599506277411,0.075,1.0,0.7187528125,0.014347929330065,2025-10-31,
31Oct2025,C,21Nov2025,21,155.0,112.62000274658205,0.0405,-6.591724506277411,0.045,4.0,0.5507857421875001,0.0097985132135545,2025-10-31,
31Oct2025,C,28Nov2025,28,130.0,112.62000274658205,0.0405,-6.768740172741075,0.625,6.0,0.43164630859375,0.13249663298456,2025-10-31,
31Oct2025,C,05Dec2025,35,130.0,112.62000274658205,0.0405,-6.769865172741075,0.605,1.0,0.4123593920898437,0.1515854677473557,2025-10-31,
31Oct2025,C,19Dec2025,49,175.0,112.62000274658205,0.0405,-6.474863649273144,0.07,1.0,0.5019581054687501,0.0114515547180465,2025-10-31,
31Oct2025,C,16Jan2026,77,180.0,112.62000274658205,0.0405,-6.451192772306447,0.06,1.0,0.4404352832031249,0.0148252538965268,2025-10-31,
31Oct2025,C,20Feb2026,112,160.0,112.62000274658205,0.0405,-6.574600807962831,0.365,2.0,0.36914693359375,0.0600630486560189,2025-10-31,
31Oct2025,C,20Mar2026,140,185.0,112.62000274658205,0.0405,-6.433918798118333,0.1649999999999999,4.0,0.3789124609375,0.0267097264221314,2025-10-31,
31Oct2025,C,17Apr2026,168,145.0,112.62000274658205,0.0405,-6.682040880776084,1.3050000000000002,1.0,0.3131172204589844,0.1597049375279782,2025-10-31,
31Oct2025,C,15May2026,196,175.0,112.62000274658205,0.0405,-6.498488649273144,0.495,1.0,0.352545537109375,0.0677480323632055,2025-10-31,
31Oct2025,C,18Jun2026,230,185.0,112.62000274658205,0.0405,-6.448383083832619,0.435,1.0,0.3361882788085937,0.0514685609584209,2025-10-31,
31Oct2025,C,18Sep2026,322,185.0,112.62000274658205,0.0405,-6.463168798118333,0.9,40.0,0.3366765551757812,0.0970618231160062,2025-10-31,
31Oct2025,P,14Nov2025,14,116.0,112.62000274658205,0.0405,-6.8804344320902935,6.3,2.0,0.5227098510742187,-0.5880371404570464,2025-10-31,
31Oct2025,P,21Nov2025,21,120.0,112.62000274658205,0.0405,-6.847657880414612,9.125,2.0,0.4567925415039063,-0.6926051858356613,2025-10-31,
31Oct2025,P,28Nov2025,28,113.0,112.62000274658205,0.0405,-6.908886804484317,5.0,1.0,0.3979552392578125,-0.4789706557817823,2025-10-31,
31Oct2025,P,05Dec2025,35,122.0,112.62000274658205,0.0405,-6.833378578463401,10.975,1.0,0.3786683227539062,-0.7225773734491391,2025-10-31,
31Oct2025,P,19Dec2025,49,130.0,112.62000274658205,0.0405,-6.772115172741075,18.25,1.0,0.4079649047851562,-0.8020601852571609,2025-10-31,
31Oct2025,P,16Jan2026,77,115.0,112.62000274658205,0.0405,-6.899217494833408,7.575,23.0,0.3115913568115234,-0.5059318292099793,2025-10-31,
31Oct2025,P,20Feb2026,112,115.0,112.62000274658205,0.0405,-6.904842494833408,8.9,3.0,0.3087227331542969,-0.4856855256675857,2025-10-31,
31Oct2025,P,20Mar2026,140,120.0,112.62000274658205,0.0405,-6.866782880414612,12.25,12.0,0.292853751220703,-0.5689195049340858,2025-10-31,
31Oct2025,P,17Apr2026,168,110.0,112.62000274658205,0.0405,-6.9582942574042415,7.175,25.0,0.2858958129882812,-0.3765908427994303,2025-10-31,
31Oct2025,P,18Jun2026,230,110.0,112.62000274658205,0.0405,-6.968258543118528,8.7,39.0,0.2902903002929687,-0.3714116842802912,2025-10-31,
31Oct2025,P,18Sep2026,322,125.0,112.62000274658205,0.0405,-6.855210885894357,18.15,2.0,0.2634961346435547,-0.5609194581368753,2025-10-31,
03Nov2025,C,14Nov2025,11,,112.12000274658205,0.0406,-6.9847063528563815,9.375,8.0,0.5478560839843751,0.802581383554809,,104.0
03Nov2025,C,14Nov2025,11,,112.12000274658205,0.0406,-6.93774936976861,6.225,1.0,0.5871623315429688,0.6330117189027165,,109.0
03Nov2025,C,14Nov2025,11,,112.12000274658205,0.0406,-6.928616886205337,5.575,7.0,0.5766643896484375,0.599851529519773,,110.0
03Nov2025,C,14Nov2025,11,,112.12000274658205,0.0406,-6.919567050685419,5.025,9.0,0.5751995605468749,0.564631479704625,,111.0
03Nov2025,C,14Nov2025,11,,112.12000274658205,0.0406,-6.910598380702659,4.575,350.0,0.5820354296875,0.5291879077782725,,112.0
03Nov2025,C,14Nov2025,11,,112.12000274658205,0.0406,-6.901709433285413,4.05,287.0,0.5744671459960937,0.4935129029767145,,113.0
03Nov2025,C,14Nov2025,11,,112.12000274658205,0.0406,-6.892898803603258,3.625,15.0,0.5751995605468749,0.4584465151238989,,114.0
03Nov2025,C,14Nov2025,11,,112.12000274658205,0.0406,-6.884165123634504,3.15,74.0,0.5649457568359376,0.4218786672949498,,115.0
03Nov2025,C,14Nov2025,11,,112.12000274658205,0.0406,-6.875507060891389,2.765,60.0,0.5620160986328125,0.3869154535521149,,116.0
03Nov2025,C,14Nov2025,11,,112.12000274658205,0.0406,-6.866923317199998,2.47,73.0,0.5668988623046876,0.3552184220604271,,117.0
03Nov2025,C,14Nov2025,11,,112.12000274658205,0.0406,-6.858412627532089,2.18,47.0,0.56836369140625,0.3240819302010138,,118.0
03Nov2025,C,14Nov2025,11,,112.12000274658205,0.0406,-6.849973758886224,1.93,53.0,0.5712933496093751,0.2950964582834224,,119.0
03Nov2025,C,14Nov2025,11,,112.12000274658205,0.0406,-6.841605509215707,1.555,144.0,0.5505416040039064,0.2578187806450703,,120.0
03Nov2025,C,14Nov2025,11,,112.12000274658205,0.0406,-6.833306706401013,1.39,27.0,0.5585981640625001,0.2342570569568886,,121.0
03Nov2025,C,14Nov2025,11,,112.12000274658205,0.0406,-6.825076207264497,1.25,41.0,0.567387138671875,0.2130986595518792,,122.0
03Nov2025,C,14Nov2025,11,,112.12000274658205,0.0406,-6.816912896625336,0.955,22.0,0.5434615966796876,0.1783901241987175,,123.0
03Nov2025,C,14Nov2025,11,,112.12000274658205,0.0406,-6.808815686392717,0.8300000000000001,4.0,0.5471236694335939,0.1586632151702016,,124.0
03Nov2025,C,14Nov2025,11,,112.12000274658205,0.0406,-6.8007835146954525,0.725,76.0,0.551762294921875,0.1412737971096893,,125.0
03Nov2025,C,14Nov2025,11,,112.12000274658205,0.0406,-6.792815345046276,0.55,26.0,0.5351608984375,0.1157225891716519,,126.0
03Nov2025,C,14Nov2025,11,,112.12000274658205,0.0406,-6.784910165539163,0.635,5.0,0.5830119824218749,0.1212886624621373,,127.0
03Nov2025,C,14Nov2025,11,,112.12000274658205,0.0406,-6.761562801542172,0.305,33.0,0.551762294921875,0.068894389423926,,130.0
03Nov2025,C,14Nov2025,11,,112.12000274658205,0.0406,-6.723822473559324,0.155,41.0,0.57812921875,0.0368915931709474,,135.0
03Nov2025,C,14Nov2025,11,,112.12000274658205,0.0406,-6.687454829388449,0.1,216.0,0.62305064453125,0.0234189865985521,,140.0
03Nov2025,C,21Nov2025,18,,112.12000274658205,0.0406,-7.02505484378744,13.225,13.0,0.5317429638671876,0.8519410767184106,,100.0
03Nov2025,C,21Nov2025,18,,112.12000274658205,0.0406,-6.995496041545896,10.8,1.0,0.5214891601562499,0.7903962326383092,,103.0
03Nov2025,C,21Nov2025,18,,112.12000274658205,0.0406,-6.976264679618009,9.15,80.0,0.5329636547851562,0.7357958168597237,,105.0
03Nov2025,C,21Nov2025,18,,112.12000274658205,0.0406,-6.948093802651312,6.775,1.0,0.5317429638671876,0.6528577111485394,,108.0
03Nov2025,C,21Nov2025,18,,112.12000274658205,0.0406,-6.929744663983115,5.975,23.0,0.5155077746582031,0.5954082219906612,,110.0
03Nov2025,C,21Nov2025,18,,112.12000274658205,0.0406,-6.920694828463198,5.45,16.0,0.5131884619140624,0.5646009389694651,,111.0
03Nov2025,C,21Nov2025,18,,112.12000274658205,0.0406,-6.911726158480437,5.05,73.0,0.5029346582031251,0.5332167372848766,,112.0
03Nov2025,C,21Nov2025,18,,112.12000274658205,0.0406,-6.902837211063191,4.425,129.0,0.4993946545410156,0.5012000211413783,,113.0
03Nov2025,C,21Nov2025,18,,112.12000274658205,0.0406,-6.894026581381036,3.975,182.0,0.5029346582031251,0.4700608820462446,,114.0
03Nov2025,C,21Nov2025,18,,112.12000274658205,0.0406,-6.8852929014122815,3.55,244.0,0.49805189453125,0.4380529461425007,,115.0
03Nov2025,C,21Nov2025,18,,112.12000274658205,0.0406,-6.876634838669167,3.175,20.0,0.4953663745117188,0.4066945559069412,,116.0
03Nov2025,C,21Nov2025,18,,112.12000274658205,0.0406,-6.868051094977775,2.8,43.0,0.4892629199218751,0.3747237661510956,,117.0
03Nov2025,C,21Nov2025,18,,112.12000274658205,0.0406,-6.8595404053098665,2.49,65.0,0.49414568359375,0.3472742186553401,,118.0
03Nov2025,C,21Nov2025,18,,112.12000274658205,0.0406,-6.851101536664002,2.185,9.0,0.4917043017578125,0.3182965898658426,,119.0
03Nov2025,C,21Nov2025,18,,112.12000274658205,0.0406,-6.842733286993486,1.92,2883.0,0.4846242944335938,0.2881796199740061,,120.0
03Nov2025,C,21Nov2025,18,,112.12000274658205,0.0406,-6.826203985042275,1.455,117.0,0.4816946362304687,0.236599391685354,,122.0
03Nov2025,C,21Nov2025,18,,112.12000274658205,0.0406,-6.818040674403115,1.285,20.0,0.4856008471679687,0.2158310851685845,,123.0
03Nov2025,C,21Nov2025,18,,112.12000274658205,0.0406,-6.80191129247323,0.96,165.0,0.48633326171875,0.1750617263568148,,125.0
03Nov2025,C,21Nov2025,18,,112.12000274658205,0.0406,-6.762690579319949,0.4599999999999999,2861.0,0.48633326171875,0.0972288152366595,,130.0
03Nov2025,C,21Nov2025,18,,112.12000274658205,0.0406,-6.724950251337102,0.2399999999999999,22.0,0.5117236328125,0.0594111314856109,,135.0
03Nov2025,C,21Nov2025,18,,112.12000274658205,0.0406,-6.619589735679276,0.0849999999999999,20.0,0.5976602734375001,0.0173606690907338,,150.0
03Nov2025,C,21Nov2025,18,,112.12000274658205,0.0406,-6.586799912856285,0.06,16.0,0.6250037500000001,0.0122396995331726,,155.0
03Nov2025,C,21Nov2025,18,,112.12000274658205,0.0406,-6.524279555874951,0.035,43.0,0.6796907031250001,0.0067352607418997,,165.0
03Nov2025,C,28Nov2025,25,,112.12000274658205,0.0406,-6.912853936258215,5.225,62.0,0.4565484033203125,0.5366423073233523,,112.0
03Nov2025,C,28Nov2025,25,,112.12000274658205,0.0406,-6.895154359158814,3.75,4.0,0.4566704724121094,0.4776278425446467,,114.0
03Nov2025,C,28Nov2025,25,,112.12000274658205,0.0406,-6.886420679190059,3.9,5.0,0.4659477233886719,0.4505754793070751,,115.0
03Nov2025,C,28Nov2025,25,,112.12000274658205,0.0406,-6.869178872755553,3.12,7.0,0.45117736328125,0.3904207965028836,,117.0
03Nov2025,C,28Nov2025,25,,112.12000274658205,0.0406,-6.860668183087644,2.74,3.0,0.4414118359375,0.3591869747408336,,118.0
03Nov2025,C,28Nov2025,25,,112.12000274658205,0.0406,-6.843861064771263,2.105,2.0,0.4311580322265625,0.3012278514268853,,120.0
03Nov2025,C,28Nov2025,25,,112.12000274658205,0.0406,-6.811071241948272,1.235,1.0,0.4294490649414063,0.2074965037998506,,124.0
03Nov2025,C,28Nov2025,25,,112.12000274658205,0.0406,-6.803039070251008,1.065,13.0,0.4257869921875,0.1853421696894105,,125.0
03Nov2025,C,05Dec2025,32,,112.12000274658205,0.0406,-6.932000219538671,6.300000000000001,1.0,0.4445856323242187,0.5940099229039286,,110.0
03Nov2025,C,05Dec2025,32,,112.12000274658205,0.0406,-6.913981714035993,5.45,76.0,0.4224911267089843,0.5396541213986442,,112.0
03Nov2025,C,05Dec2025,32,,112.12000274658205,0.0406,-6.896282136936592,4.5,28.0,0.4188290539550781,0.4826991873178738,,114.0
03Nov2025,C,05Dec2025,32,,112.12000274658205,0.0406,-6.887548456967837,4.050000000000001,34.0,0.4079649047851562,0.4522033794728866,,115.0
03Nov2025,C,05Dec2025,32,,112.12000274658205,0.0406,-6.878890394224722,3.575,22.0,0.4102842175292969,0.424653452325994,,116.0
03Nov2025,C,05Dec2025,32,,112.12000274658205,0.0406,-6.870306650533331,3.25,14.0,0.4145566357421875,0.3986989002902732,,117.0
03Nov2025,C,05Dec2025,32,,112.12000274658205,0.0406,-6.844988842549041,2.3,4.0,0.4106504248046875,0.3196986316021463,,120.0
03Nov2025,C,05Dec2025,32,,112.12000274658205,0.0406,-6.836690039734346,2.065,38.0,0.4094297338867187,0.2950276250909728,,121.0
03Nov2025,C,05Dec2025,32,,112.12000274658205,0.0406,-6.804166848028786,1.2999999999999998,2.0,0.4086973193359374,0.2093446156164476,,125.0
03Nov2025,C,05Dec2025,32,,112.12000274658205,0.0406,-6.788293498872496,0.995,7.0,0.4116269775390625,0.175586918193064,,127.0
03Nov2025,C,12Dec2025,39,,112.12000274658205,0.0406,-6.91510949181377,5.725,2.0,0.403326279296875,0.5425842633115472,,112.0
03Nov2025,C,19Dec2025,46,,112.12000274658205,0.0406,-7.029565954898551,13.85,7.0,0.4265194067382813,0.806489597598143,,100.0
03Nov2025,C,19Dec2025,46,,112.12000274658205,0.0406,-6.980775790729119,10.025,5.0,0.39649041015625,0.716627852069859,,105.0
03Nov2025,C,19Dec2025,46,,112.12000274658205,0.0406,-6.934255775094226,6.85,8.0,0.3740296972656249,0.5981999816579163,,110.0
03Nov2025,C,19Dec2025,46,,112.12000274658205,0.0406,-6.889804012523393,4.475,770.0,0.3657289990234375,0.4637398386084004,,115.0
03Nov2025,C,19Dec2025,46,,112.12000274658205,0.0406,-6.847244398104597,2.745,370.0,0.364264169921875,0.336870554661209,,120.0
03Nov2025,C,19Dec2025,46,,112.12000274658205,0.0406,-6.8064224035843415,1.59,359.0,0.3608462353515624,0.2281676107487413,,125.0
03Nov2025,C,19Dec2025,46,,112.12000274658205,0.0406,-6.76720169043106,0.8999999999999999,268.0,0.3608462353515624,0.1466146707531222,,130.0
03Nov2025,C,19Dec2025,46,,112.12000274658205,0.0406,-6.729461362448213,0.515,120.0,0.3647524462890625,0.0917779745123026,,135.0
03Nov2025,C,19Dec2025,46,,112.12000274658205,0.0406,-6.693093718277338,0.255,249.0,0.368170380859375,0.0554029855274402,,140.0
03Nov2025,C,19Dec2025,46,,112.12000274658205,0.0406,-6.658002398466068,0.2,27.0,0.3969786865234375,0.042897540301449,,145.0
03Nov2025,C,19Dec2025,46,,112.12000274658205,0.0406,-6.624100846790387,0.145,1.0,0.4414118359375,0.0403677528362033,,150.0
03Nov2025,C,16Jan2026,74,,112.12000274658205,0.0406,-7.257220617323872,31.975,8.0,0.5647016186523439,0.9314958582639667,,80.0
03Nov2025,C,16Jan2026,74,,112.12000274658205,0.0406,-7.034077066009663,14.45,179.0,0.3836731555175781,0.7870511135206181,,100.0
03Nov2025,C,16Jan2026,74,,112.12000274658205,0.0406,-6.98528690184023,10.875,13.0,0.3717103845214844,0.7001631787126668,,105.0
03Nov2025,C,16Jan2026,74,,112.12000274658205,0.0406,-6.938766886205338,7.775,31.0,0.3404606970214844,0.6005874847848284,,110.0
03Nov2025,C,16Jan2026,74,,112.12000274658205,0.0406,-6.894315123634503,5.275,163.0,0.3283148223876952,0.4832612071993322,,115.0
03Nov2025,C,16Jan2026,74,,112.12000274658205,0.0406,-6.851755509215708,3.475,135.0,0.3252630950927734,0.3690603237852273,,120.0
03Nov2025,C,16Jan2026,74,,112.12000274658205,0.0406,-6.810933514695453,2.215,198.0,0.3245917150878905,0.2693936511532827,,125.0
03Nov2025,C,16Jan2026,74,,112.12000274658205,0.0406,-6.771712801542171,1.375,33.0,0.3243475769042968,0.1884083539285998,,130.0
03Nov2025,C,16Jan2026,74,,112.12000274658205,0.0406,-6.733972473559324,0.815,16.0,0.3256903369140624,0.1277933752662413,,135.0
03Nov2025,C,16Jan2026,74,,112.12000274658205,0.0406,-6.69760482938845,0.475,34.0,0.3283758569335937,0.0849775879719286,,140.0
03Nov2025,C,16Jan2026,74,,112.12000274658205,0.0406,-6.628611957901498,0.215,6.0,0.3427800097656249,0.0396003842876696,,150.0
03Nov2025,C,16Jan2026,74,,112.12000274658205,0.0406,-6.564073436763927,0.13,15.0,0.403326279296875,0.0342275401412497,,160.0
03Nov2025,C,16Jan2026,74,,112.12000274658205,0.0406,-6.446290401107543,0.035,46.0,0.4179745703124999,0.0087150813903991,,180.0
03Nov2025,C,20Feb2026,109,,112.12000274658205,0.0406,-6.944405775094227,9.65,10.0,0.3577334735107421,0.6015704495188514,,110.0
03Nov2025,C,20Feb2026,109,,112.12000274658205,0.0406,-6.899954012523392,7.199999999999999,17.0,0.350470362548828,0.510626894184482,,115.0
03Nov2025,C,20Feb2026,109,,112.12000274658205,0.0406,-6.857394398104597,5.174999999999999,26.0,0.341376215209961,0.4184644537983152,,120.0
03Nov2025,C,20Feb2026,109,,112.12000274658205,0.0406,-6.816572403584342,3.7,1.0,0.3403386279296875,0.3348683401886724,,125.0
03Nov2025,C,20Feb2026,109,,112.12000274658205,0.0406,-6.77735169043106,2.605,64.0,0.3385075915527343,0.260488062022655,,130.0
03Nov2025,C,20Feb2026,109,,112.12000274658205,0.0406,-6.634250846790387,0.585,3.0,0.3476627734374999,0.0848428700609447,,150.0
03Nov2025,C,20Mar2026,137,,112.12000274658205,0.0406,-6.948916886205337,10.225,3.0,0.352545537109375,0.6052385322309103,,110.0
03Nov2025,C,20Mar2026,137,,112.12000274658205,0.0406,-6.904465123634504,7.775,35.0,0.3527286407470703,0.5244015034256023,,115.0
03Nov2025,C,20Mar2026,137,,112.12000274658205,0.0406,-6.861905509215708,5.949999999999999,34.0,0.3440007006835937,0.4425135513499221,,120.0
03Nov2025,C,20Mar2026,137,,112.12000274658205,0.0406,-6.821083514695452,4.225,21.0,0.3280096496582031,0.3576214200956094,,125.0
03Nov2025,C,17Apr2026,165,,112.12000274658205,0.0406,-6.908976234745615,8.4,11.0,0.3347234497070312,0.5324308782533014,,115.0
03Nov2025,C,17Apr2026,165,,112.12000274658205,0.0406,-6.866416620326819,6.45,27.0,0.3253241296386718,0.4533300992848854,,120.0
03Nov2025,C,17Apr2026,165,,112.12000274658205,0.0406,-6.825594625806564,4.8,10.0,0.3206244696044921,0.3777027281358345,,125.0
03Nov2025,C,17Apr2026,165,,112.12000274658205,0.0406,-6.786373912653283,3.5,7.0,0.3169013623046874,0.307913567051934,,130.0
03Nov2025,C,18Jun2026,227,,112.12000274658205,0.0406,-6.918965123634504,10.575,84.0,0.3434513897705078,0.5536982157353554,,115.0
03Nov2025,C,18Jun2026,227,,112.12000274658205,0.0406,-6.876405509215708,8.375,200.0,0.3361882788085937,0.4886757195358965,,120.0
03Nov2025,C,18Jun2026,227,,112.12000274658205,0.0406,-6.835583514695453,6.375,8.0,0.3289251678466796,0.4238003495311426,,125.0
03Nov2025,C,18Jun2026,227,,112.12000274658205,0.0406,-6.796362801542172,5.25,18.0,0.3267889587402344,0.3641771483971078,,130.0
03Nov2025,C,18Jun2026,227,,112.12000274658205,0.0406,-6.722254829388449,3.07,4.0,0.3208075732421874,0.2573698359555504,,140.0
03Nov2025,C,18Jun2026,227,,112.12000274658205,0.0406,-6.653261957901498,1.81,7.0,0.3200751586914062,0.1769961359677177,,150.0
03Nov2025,C,18Sep2026,319,,112.12000274658205,0.0406,-6.97823910842756,15.275,1.0,0.3592593371582031,0.6294573072942414,,110.0
03Nov2025,C,18Sep2026,319,,112.12000274658205,0.0406,-6.8912277314379295,10.4,16.0,0.3316106878662109,0.5200856013545994,,120.0
03Nov2025,C,18Sep2026,319,,112.12000274658205,0.0406,-6.850405736917675,8.25,3.0,0.3279486151123046,0.4658678417899423,,125.0
03Nov2025,C,18Sep2026,319,,112.12000274658205,0.0406,-6.773444695781547,6.025,79.0,0.3354558642578125,0.3736462983879243,,135.0
03Nov2025,C,18Sep2026,319,,112.12000274658205,0.0406,-6.66808418012372,3.005,8.0,0.313910669555664,0.2344767488705516,,150.0
03Nov2025,P,14Nov2025,11,,112.12000274658205,0.0406,-7.129287581667489,0.14,61.0,0.6757844921875001,-0.0260494369014139,,90.0
03Nov2025,P,14Nov2025,11,,112.12000274658205,0.0406,-7.075220360397213,0.29,47.0,0.6171913281250001,-0.0535424174263479,,95.0
03Nov2025,P,14Nov2025,11,,112.12000274658205,0.0406,-7.054386273494371,0.355,286.0,0.5810588769531251,-0.0669844401417936,,97.0
03Nov2025,P,14Nov2025,11,,112.12000274658205,0.0406,-7.044129773327182,0.45,274.0,0.5820354296875,-0.0815410973689028,,98.0
03Nov2025,P,14Nov2025,11,,112.12000274658205,0.0406,-7.033977401863163,0.52,97.0,0.570316796875,-0.0936109399954789,,99.0
03Nov2025,P,14Nov2025,11,,112.12000274658205,0.0406,-7.023927066009662,0.655,1499.0,0.5732464550781251,-0.1128295507316331,,100.0
03Nov2025,P,14Nov2025,11,,112.12000274658205,0.0406,-7.013976735156494,0.87,12.0,0.5893595751953126,-0.1391832461146699,,101.0
03Nov2025,P,14Nov2025,11,,112.12000274658205,0.0406,-7.004124438713482,1.065,43.0,0.5927775097656252,-0.1629029092491096,,102.0
03Nov2025,P,14Nov2025,11,,112.12000274658205,0.0406,-6.994368263768118,1.215,31.0,0.5820354296875,-0.1834504565154677,,103.0
03Nov2025,P,14Nov2025,11,,112.12000274658205,0.0406,-6.9847063528563815,1.445,28.0,0.5820354296875,-0.2099282216831279,,104.0
03Nov2025,P,14Nov2025,11,,112.12000274658205,0.0406,-6.97513690184023,1.6200000000000003,80.0,0.5681195532226562,-0.2336264654284272,,105.0
03Nov2025,P,14Nov2025,11,,112.12000274658205,0.0406,-6.965658157885687,1.95,27.0,0.5751995605468749,-0.2662139231142999,,106.0
03Nov2025,P,14Nov2025,11,,112.12000274658205,0.0406,-6.956268417535847,2.21,67.0,0.5661664477539063,-0.295582052792229,,107.0
03Nov2025,P,14Nov2025,11,,112.12000274658205,0.0406,-6.946966024873534,2.5700000000000003,157.0,0.5671430004882813,-0.3292765679175159,,108.0
03Nov2025,P,14Nov2025,11,,112.12000274658205,0.0406,-6.93774936976861,2.905,82.0,0.5600629931640625,-0.3626194040798109,,109.0
03Nov2025,P,14Nov2025,11,,112.12000274658205,0.0406,-6.928616886205337,3.325,143.0,0.559574716796875,-0.3983283479170235,,110.0
03Nov2025,P,14Nov2025,11,,112.12000274658205,0.0406,-6.919567050685419,3.875,53.0,0.5712933496093751,-0.4351983808956963,,111.0
03Nov2025,P,14Nov2025,11,,112.12000274658205,0.0406,-6.910598380702659,4.275,17.0,0.5588423022460938,-0.4712381275353583,,112.0
03Nov2025,P,14Nov2025,11,,112.12000274658205,0.0406,-6.901709433285413,4.875,9.0,0.567387138671875,-0.5070613606167873,,113.0
03Nov2025,P,21Nov2025,18,,112.12000274658205,0.0406,-7.24819839510165,0.04,1.0,0.64062859375,-0.0069885214848451,,80.0
03Nov2025,P,21Nov2025,18,,112.12000274658205,0.0406,-7.187573773285215,0.1,8.0,0.6113320117187502,-0.0169014395803753,,85.0
03Nov2025,P,21Nov2025,18,,112.12000274658205,0.0406,-7.130415359445267,0.195,89.0,0.56055126953125,-0.0326114562287186,,90.0
03Nov2025,P,21Nov2025,18,,112.12000274658205,0.0406,-7.076348138174991,0.37,99.0,0.5092822509765625,-0.0618641170270855,,95.0
03Nov2025,P,21Nov2025,18,,112.12000274658205,0.0406,-7.035105179640942,0.7900000000000001,11.0,0.5041553491210937,-0.117921487387459,,99.0
03Nov2025,P,21Nov2025,18,,112.12000274658205,0.0406,-7.02505484378744,0.9250000000000002,2624.0,0.5002491381835938,-0.1349360494422482,,100.0
03Nov2025,P,21Nov2025,18,,112.12000274658205,0.0406,-7.015104512934272,1.02,9.0,0.5048877636718749,-0.1573283981717974,,101.0
03Nov2025,P,21Nov2025,18,,112.12000274658205,0.0406,-7.005252216491261,1.21,6.0,0.500005,-0.1773535667179524,,102.0
03Nov2025,P,21Nov2025,18,,112.12000274658205,0.0406,-6.995496041545896,1.42,12.0,0.4963429272460938,-0.1996151705338942,,103.0
03Nov2025,P,21Nov2025,18,,112.12000274658205,0.0406,-6.985834130634159,1.67,121.0,0.4948780981445312,-0.2244504524089892,,104.0
03Nov2025,P,21Nov2025,18,,112.12000274658205,0.0406,-6.976264679618009,1.905,133.0,0.4924367163085938,-0.2504890390513165,,105.0
03Nov2025,P,21Nov2025,18,,112.12000274658205,0.0406,-6.966785935663465,2.185,3.0,0.4926808544921875,-0.2789253381686754,,106.0
03Nov2025,P,21Nov2025,18,,112.12000274658205,0.0406,-6.957396195313626,2.5,44.0,0.4917043017578125,-0.3081885704860984,,107.0
03Nov2025,P,21Nov2025,18,,112.12000274658205,0.0406,-6.948093802651312,2.88,28.0,0.4882863671875,-0.3379926019300204,,108.0
03Nov2025,P,21Nov2025,18,,112.12000274658205,0.0406,-6.938877147546388,3.225,61.0,0.49023947265625,-0.369923387620255,,109.0
03Nov2025,P,21Nov2025,18,,112.12000274658205,0.0406,-6.929744663983115,3.65,184.0,0.4865773999023438,-0.4015947301336575,,110.0
03Nov2025,P,21Nov2025,18,,112.12000274658205,0.0406,-6.920694828463198,4.125,9.0,0.4899953344726563,-0.4344440810995936,,111.0
03Nov2025,P,21Nov2025,18,,112.12000274658205,0.0406,-6.911726158480437,4.6,74.0,0.4797415307617187,-0.4672782603698862,,112.0
03Nov2025,P,21Nov2025,18,,112.12000274658205,0.0406,-6.902837211063191,5.2,47.0,0.4963429272460938,-0.4990637927809362,,113.0
03Nov2025,P,21Nov2025,18,,112.12000274658205,0.0406,-6.894026581381036,6.0,12.0,0.5502974658203126,-0.5233592522631173,,114.0
03Nov2025,P,21Nov2025,18,,112.12000274658205,0.0406,-6.8852929014122815,6.375,31.0,0.5105029418945313,-0.5593706257795839,,115.0
03Nov2025,P,21Nov2025,18,,112.12000274658205,0.0406,-6.842733286993486,9.65,1.0,0.579105771484375,-0.6730268464510686,,120.0
03Nov2025,P,28Nov2025,25,,112.12000274658205,0.0406,-7.03623295741872,0.95,1.0,0.4799856689453124,-0.1410424950714544,,99.0
03Nov2025,P,28Nov2025,25,,112.12000274658205,0.0406,-7.026182621565218,1.015,6.0,0.4536187451171874,-0.147685548781042,,100.0
03Nov2025,P,28Nov2025,25,,112.12000274658205,0.0406,-6.996623819323673,1.47,3.0,0.454107021484375,-0.2128134293543446,,103.0
03Nov2025,P,28Nov2025,25,,112.12000274658205,0.0406,-6.977392457395786,2.005,6.0,0.43164630859375,-0.2540229445217468,,105.0
03Nov2025,P,28Nov2025,25,,112.12000274658205,0.0406,-6.958523973091404,2.705,5.0,0.43164630859375,-0.3103505380589353,,107.0
03Nov2025,P,28Nov2025,25,,112.12000274658205,0.0406,-6.949221580429089,3.045,12.0,0.4346980358886719,-0.3407523185516363,,108.0
03Nov2025,P,28Nov2025,25,,112.12000274658205,0.0406,-6.930872441760894,3.875,2.0,0.4436090795898437,-0.4026761083108786,,110.0
03Nov2025,P,28Nov2025,25,,112.12000274658205,0.0406,-6.921822606240975,4.425,3.0,0.4760794580078125,-0.4343957890696133,,111.0
03Nov2025,P,28Nov2025,25,,112.12000274658205,0.0406,-6.912853936258215,4.775,2.0,0.4284725122070312,-0.4639781003003675,,112.0
03Nov2025,P,05Dec2025,32,,112.12000274658205,0.0406,-6.978520235173564,2.255,4.0,0.4133359448242187,-0.2655385476547871,,105.0
03Nov2025,P,05Dec2025,32,,112.12000274658205,0.0406,-6.950349358206868,3.3200000000000003,4.0,0.4448297705078124,-0.3530394194631154,,108.0
03Nov2025,P,05Dec2025,32,,112.12000274658205,0.0406,-6.932000219538671,3.675,11.0,0.3844055700683593,-0.3990146773262587,,110.0
03Nov2025,P,05Dec2025,32,,112.12000274658205,0.0406,-6.922950384018753,4.5,50.0,0.3979552392578125,-0.4308045749911107,,111.0
03Nov2025,P,05Dec2025,32,,112.12000274658205,0.0406,-6.913981714035993,4.949999999999999,25.0,0.3900207482910156,-0.4610309508426987,,112.0
03Nov2025,P,05Dec2025,32,,112.12000274658205,0.0406,-6.905092766618747,5.574999999999999,62.0,0.4025938647460937,-0.4904751101595834,,113.0
03Nov2025,P,12Dec2025,39,,112.12000274658205,0.0406,-6.979648012951341,2.375,5.0,0.3874572973632812,-0.2690761239741983,,105.0
03Nov2025,P,19Dec2025,46,,112.12000274658205,0.0406,-7.460348870991005,0.04,6.0,0.6210975390625001,-0.0045799554452938,,65.0
03Nov2025,P,19Dec2025,46,,112.12000274658205,0.0406,-7.386240898837284,0.0499999999999999,9.0,0.5566450585937501,-0.0060614348760406,,70.0
03Nov2025,P,19Dec2025,46,,112.12000274658205,0.0406,-7.252709506212761,0.14,102.0,0.49805189453125,-0.0213611121683361,,80.0
03Nov2025,P,19Dec2025,46,,112.12000274658205,0.0406,-7.192084884396326,0.26,2.0,0.467778759765625,-0.0374240678328728,,85.0
03Nov2025,P,19Dec2025,46,,112.12000274658205,0.0406,-7.134926470556378,0.48,257.0,0.4389704541015625,-0.0641358164478286,,90.0
03Nov2025,P,19Dec2025,46,,112.12000274658205,0.0406,-7.080859249286102,0.7849999999999999,264.0,0.40039662109375,-0.1015529563857637,,95.0
03Nov2025,P,19Dec2025,46,,112.12000274658205,0.0406,-7.029565954898551,1.455,135.0,0.3747621118164062,-0.1673081965089384,,100.0
03Nov2025,P,19Dec2025,46,,112.12000274658205,0.0406,-6.980775790729119,2.68,137.0,0.367193828125,-0.2716790613079395,,105.0
03Nov2025,P,19Dec2025,46,,112.12000274658205,0.0406,-6.934255775094226,4.575,846.0,0.3625552026367187,-0.400356843647818,,110.0
03Nov2025,P,19Dec2025,46,,112.12000274658205,0.0406,-6.889804012523393,7.175,10.0,0.3607241662597655,-0.5374724723672091,,115.0
03Nov2025,P,19Dec2025,46,,112.12000274658205,0.0406,-6.847244398104597,10.399999999999997,14.0,0.3728090063476562,-0.6584992048910647,,120.0
03Nov2025,P,16Jan2026,74,,112.12000274658205,0.0406,-7.257220617323872,0.2349999999999999,5.0,0.429693203125,-0.029788977994507,,80.0
03Nov2025,P,16Jan2026,74,,112.12000274658205,0.0406,-7.196595995507438,0.4,11.0,0.3920959228515625,-0.0442449702982336,,85.0
03Nov2025,P,16Jan2026,74,,112.12000274658205,0.0406,-7.139437581667488,0.7250000000000001,61.0,0.3791565991210937,-0.0776847253503443,,90.0
03Nov2025,P,16Jan2026,74,,112.12000274658205,0.0406,-7.085370360397213,1.145,42.0,0.3457096679687499,-0.116013464582973,,95.0
03Nov2025,P,16Jan2026,74,,112.12000274658205,0.0406,-7.034077066009663,1.96,116.0,0.3335027587890625,-0.1862708154406547,,100.0
03Nov2025,P,16Jan2026,74,,112.12000274658205,0.0406,-6.98528690184023,3.25,44.0,0.3223944714355468,-0.2805345225683345,,105.0
03Nov2025,P,16Jan2026,74,,112.12000274658205,0.0406,-6.938766886205338,5.2,51.0,0.316291016845703,-0.396257789153792,,110.0
03Nov2025,P,16Jan2026,74,,112.12000274658205,0.0406,-6.894315123634503,7.775,10.0,0.311957564086914,-0.5206277419219305,,115.0
03Nov2025,P,16Jan2026,74,,112.12000274658205,0.0406,-6.851755509215708,11.0,10.0,0.3264227514648437,-0.6302947537634436,,120.0
03Nov2025,P,20Feb2026,109,,112.12000274658205,0.0406,-7.202234884396326,0.855,2.0,0.3872131591796874,-0.0705396786965127,,85.0
03Nov2025,P,20Feb2026,109,,112.12000274658205,0.0406,-7.091009249286102,2.02,4.0,0.3498600170898437,-0.1525264297912306,,95.0
03Nov2025,P,20Feb2026,109,,112.12000274658205,0.0406,-7.039715954898552,3.1,6.0,0.3386296606445312,-0.2188007722664032,,100.0
03Nov2025,P,20Feb2026,109,,112.12000274658205,0.0406,-6.990925790729119,4.6,30.0,0.3278875805664062,-0.3003413832065411,,105.0
03Nov2025,P,20Feb2026,109,,112.12000274658205,0.0406,-6.944405775094227,6.575,22.0,0.3190986059570311,-0.3950465943649263,,110.0
03Nov2025,P,20Feb2026,109,,112.12000274658205,0.0406,-6.899954012523392,9.125,2.0,0.3125068749999999,-0.4968599093231354,,115.0
03Nov2025,P,20Mar2026,137,,112.12000274658205,0.0406,-7.206745995507437,1.005,4.0,0.366217275390625,-0.0786308359626386,,85.0
03Nov2025,P,20Mar2026,137,,112.12000274658205,0.0406,-7.095520360397213,2.335,4.0,0.3330755169677735,-0.1614069262384467,,95.0
03Nov2025,P,20Mar2026,137,,112.12000274658205,0.0406,-7.044227066009662,3.4,98.0,0.3183661914062499,-0.2229780868283928,,100.0
03Nov2025,P,20Mar2026,137,,112.12000274658205,0.0406,-6.995436901840231,4.925,8.0,0.3086006640625,-0.3007813558984877,,105.0
03Nov2025,P,20Mar2026,137,,112.12000274658205,0.0406,-6.948916886205337,6.95,45.0,0.3032296240234374,-0.3906320388756285,,110.0
03Nov2025,P,20Mar2026,137,,112.12000274658205,0.0406,-6.904465123634504,9.475,19.0,0.2951730639648437,-0.4862637816536543,,115.0
03Nov2025,P,17Apr2026,165,,112.12000274658205,0.0406,-7.048738177120773,3.95,4.0,0.323126885986328,-0.2358623447766183,,100.0
03Nov2025,P,17Apr2026,165,,112.12000274658205,0.0406,-6.999948012951341,5.35,10.0,0.3031075549316406,-0.3036627483509747,,105.0
03Nov2025,P,17Apr2026,165,,112.12000274658205,0.0406,-6.953427997316449,7.324999999999998,28.0,0.2898630584716796,-0.3860733619894732,,110.0
03Nov2025,P,17Apr2026,165,,112.12000274658205,0.0406,-6.908976234745615,10.175,9.0,0.3072579040527343,-0.472349644306452,,115.0
03Nov2025,P,15May2026,193,,112.12000274658205,0.0406,-7.158609803889712,2.41,1.0,0.347540704345703,-0.1398729973710913,,90.0
03Nov2025,P,18Jun2026,227,,112.12000274658205,0.0406,-6.918965123634504,10.875,13.0,0.2818675329589843,-0.4559522275105889,,115.0
03Nov2025,P,18Sep2026,319,,112.12000274658205,0.0406,-7.0735492882318844,6.0,4.0,0.2936472003173828,-0.2472273467340184,,100.0
03Nov2025,P,18Sep2026,319,,112.12000274658205,0.0406,-6.97823910842756,9.975,3.0,0.286567192993164,-0.3678116110898747,,110.0
03Nov2025,C,14Nov2025,11,,112.12000274658205,0.0406,-7.023927066009662,12.15,1.0,0.5629926513671876,0.8910044897246481,,100.0
03Nov2025,C,14Nov2025,11,,112.12000274658205,0.0406,-6.994368263768118,9.9,1.0,0.6001016552734376,0.810087534663045,,103.0
03Nov2025,C,14Nov2025,11,,112.12000274658205,0.0406,-6.965658157885687,7.325,1.0,0.5344284838867188,0.7468416775675473,,106.0
03Nov2025,C,14Nov2025,11,,112.12000274658205,0.0406,-6.777066988078136,0.56,2.0,0.6079140771484376,0.1168689517439833,,128.0
03Nov2025,C,14Nov2025,11,,112.12000274658205,0.0406,-6.585672135078507,0.285,20.0,1.021489267578125,0.0417513158030527,,155.0
03Nov2025,C,28Nov2025,25,,112.12000274658205,0.0406,-6.903964988840968,4.275,98.0,0.438482177734375,0.5053786775297214,,113.0
03Nov2025,C,28Nov2025,25,,112.12000274658205,0.0406,-6.877762616446945,3.15,6.0,0.4836477416992188,0.4271964851170786,,116.0
03Nov2025,C,28Nov2025,25,,112.12000274658205,0.0406,-6.8273317628200525,1.385,1.0,0.4177304321289062,0.244349332238598,,122.0
03Nov2025,C,28Nov2025,25,,112.12000274658205,0.0406,-6.795070900601831,0.7150000000000001,1.0,0.4221249194335937,0.1645205277939678,,126.0
03Nov2025,C,28Nov2025,25,,112.12000274658205,0.0406,-6.763818357097727,0.395,6.0,0.4689994506835938,0.1310462589396756,,130.0
03Nov2025,C,05Dec2025,32,,112.12000274658205,0.0406,-7.027310399342996,13.3,2.0,0.5697064514160157,0.7833695212038211,,100.0
03Nov2025,C,05Dec2025,32,,112.12000274658205,0.0406,-6.905092766618747,4.475,24.0,0.4141904284667969,0.5106084974025656,,113.0
03Nov2025,C,05Dec2025,32,,112.12000274658205,0.0406,-6.861795960865423,2.535,4.0,0.4130918066406249,0.3715912075869838,,118.0
03Nov2025,C,05Dec2025,32,,112.12000274658205,0.0406,-6.82845954059783,1.09,2.0,0.4021055883789062,0.2676663990515822,,122.0
03Nov2025,C,05Dec2025,32,,112.12000274658205,0.0406,-6.812199019726051,1.125,1.0,0.389654541015625,0.2164094970314853,,124.0
03Nov2025,C,05Dec2025,32,,112.12000274658205,0.0406,-6.764946134875505,0.565,1.0,0.4353083813476562,0.1455038619286592,,130.0
03Nov2025,C,12Dec2025,39,,112.12000274658205,0.0406,-6.9062205443965246,4.725,6.0,0.4027159338378906,0.5157077611933738,,113.0
03Nov2025,C,12Dec2025,39,,112.12000274658205,0.0406,-6.89740991471437,3.9,1.0,0.3936828210449219,0.4875689019020875,,114.0
03Nov2025,C,16Jan2026,74,,112.12000274658205,0.0406,-6.662513509577179,0.3,9.0,0.3457096679687499,0.0640843712225826,,145.0
03Nov2025,C,16Jan2026,74,,112.12000274658205,0.0406,-6.595822135078508,0.17,25.0,0.37695935546875,0.0379756128584188,,155.0
03Nov2025,C,16Jan2026,74,,112.12000274658205,0.0406,-6.533301778097173,0.09,35.0,0.4101621484375,0.0252796944192729,,165.0
03Nov2025,C,20Mar2026,137,,112.12000274658205,0.0406,-7.044227066009662,16.1,1.0,0.3836731555175781,0.7482668405433512,,100.0
03Nov2025,C,20Mar2026,137,,112.12000274658205,0.0406,-6.995436901840231,13.025,1.0,0.3983214465332031,0.6748400033463752,,105.0
03Nov2025,C,20Mar2026,137,,112.12000274658205,0.0406,-6.781862801542172,2.7900000000000005,3.0,0.3197699859619139,0.2811132613036066,,130.0
03Nov2025,C,20Mar2026,137,,112.12000274658205,0.0406,-6.744122473559324,2.165,98.0,0.3376531079101562,0.235572312422092,,135.0
03Nov2025,C,20Mar2026,137,,112.12000274658205,0.0406,-6.707754829388449,1.475,15.0,0.3430241479492187,0.1896676366730629,,140.0
03Nov2025,C,20Mar2026,137,,112.12000274658205,0.0406,-6.67266350957718,1.055,2.0,0.3464420825195312,0.1506391153829947,,145.0
03Nov2025,C,20Mar2026,137,,112.12000274658205,0.0406,-6.638761957901498,0.71,3.0,0.3300848242187499,0.1033249157425134,,150.0
03Nov2025,C,20Mar2026,137,,112.12000274658205,0.0406,-6.605972135078507,0.51,4.0,0.3565738171386718,0.0962035642249389,,155.0
03Nov2025,C,20Mar2026,137,,112.12000274658205,0.0406,-6.513598814947492,0.305,1.0,0.3859924682617187,0.0573485739548484,,170.0
03Nov2025,C,17Apr2026,165,,112.12000274658205,0.0406,-6.953427997316449,10.525,1.0,0.3562076098632812,0.6087597542627072,,110.0
03Nov2025,C,17Apr2026,165,,112.12000274658205,0.0406,-6.64327306901261,1.025,2.0,0.3438786315917969,0.1436842341703589,,150.0
03Nov2025,C,17Apr2026,165,,112.12000274658205,0.0406,-6.610483246189618,0.7050000000000001,5.0,0.3409489733886719,0.1115984654006065,,155.0
03Nov2025,C,15May2026,193,,112.12000274658205,0.0406,-6.95793910842756,11.675,1.0,0.360785200805664,0.6124718840662546,,110.0
03Nov2025,C,15May2026,193,,112.12000274658205,0.0406,-6.913487345856725,9.45,5.0,0.3629214099121094,0.5466470785034715,,115.0
03Nov2025,C,15May2026,193,,112.12000274658205,0.0406,-6.87092773143793,7.25,2.0,0.3363103479003906,0.4730206569574263,,120.0
03Nov2025,C,15May2026,193,,112.12000274658205,0.0406,-6.830105736917675,5.574999999999999,8.0,0.3306951696777344,0.4041168356581546,,125.0
03Nov2025,C,18Jun2026,227,,112.12000274658205,0.0406,-7.009936901840231,15.7,1.0,0.3731752136230468,0.675763362370966,,105.0
03Nov2025,C,18Jun2026,227,,112.12000274658205,0.0406,-6.68716350957718,2.575,2.0,0.3490055334472656,0.2404058932584623,,145.0
03Nov2025,C,18Jun2026,227,,112.12000274658205,0.0406,-6.588723436763927,1.175,6.0,0.3452213916015625,0.1406711875664161,,160.0
03Nov2025,C,18Jun2026,227,,112.12000274658205,0.0406,-6.470940401107543,0.3999999999999999,4.0,0.3549869189453124,0.0720341383572284,,180.0
03Nov2025,C,18Jun2026,227,,112.12000274658205,0.0406,-6.443541426919429,0.29,1.0,0.3576724389648437,0.0611893560991893,,185.0
03Nov2025,P,14Nov2025,11,,112.12000274658205,0.0406,-6.892898803603258,5.825,199.0,0.5686078295898438,-0.5424900148820126,,114.0
03Nov2025,P,14Nov2025,11,,112.12000274658205,0.0406,-6.884165123634504,6.175,10.0,0.5312546875,-0.5853591723189637,,115.0
03Nov2025,P,14Nov2025,11,,112.12000274658205,0.0406,-6.875507060891389,6.875,1.0,0.5358933129882812,-0.620205703433188,,116.0
03Nov2025,P,14Nov2025,11,,112.12000274658205,0.0406,-6.858412627532089,8.5,1.0,0.5654340332031251,-0.676950652619281,,118.0
03Nov2025,P,28Nov2025,25,,112.12000274658205,0.0406,-7.131543137223044,0.3,100.0,0.506840869140625,-0.0405774109273131,,90.0
03Nov2025,P,28Nov2025,25,,112.12000274658205,0.0406,-6.986961908411937,1.915,3.0,0.428716650390625,-0.2263485410995127,,104.0
03Nov2025,P,28Nov2025,25,,112.12000274658205,0.0406,-6.967913713441242,2.46,5.0,0.4458063232421875,-0.2866271537942728,,106.0
03Nov2025,P,28Nov2025,25,,112.12000274658205,0.0406,-6.940004925324166,3.75,1.0,0.437505625,-0.3714501579740793,,109.0
03Nov2025,P,28Nov2025,25,,112.12000274658205,0.0406,-6.903964988840968,5.8,11.0,0.4906056799316406,-0.4900406438435511,,113.0
03Nov2025,P,05Dec2025,32,,112.12000274658205,0.0406,-6.96904149121902,2.7300000000000004,1.0,0.4094297338867187,-0.2901358379849741,,106.0
03Nov2025,P,05Dec2025,32,,112.12000274658205,0.0406,-6.941132703101943,3.875,11.0,0.398443515625,-0.3713139900634791,,109.0
03Nov2025,P,05Dec2025,32,,112.12000274658205,0.0406,-6.896282136936592,6.25,39.0,0.4006407592773437,-0.5202804099313392,,114.0
03Nov2025,P,05Dec2025,32,,112.12000274658205,0.0406,-6.887548456967837,6.875,6.0,0.4035704174804688,-0.548832588534973,,115.0
03Nov2025,P,12Dec2025,39,,112.12000274658205,0.0406,-7.028438177120774,1.475,2.0,0.4278621667480469,-0.1790708585571367,,100.0
03Nov2025,P,12Dec2025,39,,112.12000274658205,0.0406,-6.998879374879229,1.745,1.0,0.4173642248535155,-0.2351819997376745,,103.0
03Nov2025,P,12Dec2025,39,,112.12000274658205,0.0406,-6.933127997316449,4.65,1.0,0.4089414575195312,-0.4043531978546654,,110.0
03Nov2025,P,12Dec2025,39,,112.12000274658205,0.0406,-6.924078161796531,5.225,2.0,0.4122373229980468,-0.4309039807070799,,111.0
03Nov2025,P,20Feb2026,109,,112.12000274658205,0.0406,-7.262859506212761,0.525,1.0,0.4377497631835937,-0.0569020887889989,,80.0
03Nov2025,P,20Feb2026,109,,112.12000274658205,0.0406,-7.145076470556377,1.285,1.0,0.3703676245117187,-0.1062171009913517,,90.0
03Nov2025,P,20Mar2026,137,,112.12000274658205,0.0406,-7.331909138461444,0.6,4.0,0.4504449487304687,-0.049450992416305,,75.0
03Nov2025,P,20Mar2026,137,,112.12000274658205,0.0406,-7.267370617323872,0.7250000000000001,1.0,0.4173642248535155,-0.0658378981808698,,80.0
03Nov2025,P,20Mar2026,137,,112.12000274658205,0.0406,-7.149587581667489,1.755,18.0,0.3702455554199219,-0.1251910346700198,,90.0
03Nov2025,P,20Mar2026,137,,112.12000274658205,0.0406,-6.821083514695452,16.65,1.0,0.3228827478027343,-0.6457170194555633,,125.0
03Nov2025,P,15May2026,193,,112.12000274658205,0.0406,-7.484032204324339,0.43,2.0,0.456060126953125,-0.0304310590701905,,65.0
03Nov2025,P,15May2026,193,,112.12000274658205,0.0406,-7.0044591240624525,6.6,1.0,0.3259344750976562,-0.3135166104280368,,105.0
03Nov2025,P,18Jun2026,227,,112.12000274658205,0.0406,-7.415402009948394,0.645,2.0,0.3938048901367187,-0.0397639031801411,,70.0
03Nov2025,P,18Jun2026,227,,112.12000274658205,0.0406,-7.281870617323872,1.425,4.0,0.3735414208984374,-0.0839712573306699,,80.0
03Nov2025,P,18Jun2026,227,,112.12000274658205,0.0406,-7.164087581667489,3.0,5.0,0.3498600170898437,-0.1524521065805003,,90.0
03Nov2025,P,18Jun2026,227,,112.12000274658205,0.0406,-7.058727066009662,5.199999999999999,3.0,0.3034127276611328,-0.2409437473695019,,100.0
03Nov2025,P,18Jun2026,227,,112.12000274658205,0.0406,-7.009936901840231,7.025,1.0,0.3127510131835937,-0.3114631642625494,,105.0
03Nov2025,P,18Jun2026,227,,112.12000274658205,0.0406,-6.963416886205338,8.875,3.0,0.2909616802978515,-0.37905491394488,,110.0
03Nov2025,P,18Sep2026,319,,112.12000274658205,0.0406,-7.430224232170617,1.39,1.0,0.4123593920898437,-0.0659339226740058,,70.0
03Nov2025,P,18Sep2026,319,,112.12000274658205,0.0406,-7.296692839546094,2.29,2.0,0.3916686810302734,-0.1147130491588572,,80.0
03Nov2025,P,18Sep2026,319,,112.12000274658205,0.0406,-6.8912277314379295,16.525,3.0,0.3057320404052734,-0.4882668433797426,,120.0
05Nov2025,C,14Nov2025,9,,111.36000061035156,0.0401999999999999,-6.680316772725544,0.14,3.0,0.7675804492187501,0.0335955684687174,,140.0
05Nov2025,C,14Nov2025,9,,111.36000061035156,0.0401999999999999,-6.611323901238592,0.34,20.0,1.0996138769531252,0.0512347321213163,,150.0
05Nov2025,C,28Nov2025,23,,111.36000061035156,0.0401999999999999,-6.887994080273685,3.35,3.0,0.45117736328125,0.4491211546837393,,114.0
05Nov2025,C,28Nov2025,23,,111.36000061035156,0.0401999999999999,-6.870602337561817,2.625,3.0,0.4445856323242187,0.3869482229419034,,116.0
05Nov2025,C,28Nov2025,23,,111.36000061035156,0.0401999999999999,-6.862018593870425,2.265,2.0,0.4342097595214844,0.3536316041854497,,117.0
05Nov2025,C,28Nov2025,23,,111.36000061035156,0.0401999999999999,-6.812008173295763,0.915,1.0,0.4289607885742187,0.1988068791179382,,123.0
05Nov2025,C,28Nov2025,23,,111.36000061035156,0.0401999999999999,-6.79587879136588,0.675,5.0,0.4387263159179688,0.1657507873406395,,125.0
05Nov2025,C,28Nov2025,23,,111.36000061035156,0.0401999999999999,-6.787910621716703,0.53,3.0,0.4340876904296875,0.1455375507982986,,126.0
05Nov2025,C,28Nov2025,23,,111.36000061035156,0.0401999999999999,-6.78000544220959,0.48,3.0,0.4409235595703125,0.1336898280147801,,127.0
05Nov2025,C,28Nov2025,23,,111.36000061035156,0.0401999999999999,-6.756658078212599,0.25,10.0,0.4516656396484375,0.0992221392173808,,130.0
05Nov2025,C,05Dec2025,30,,111.36000061035156,0.0401999999999999,-6.871719004228483,2.845,104.0,0.4062559375,0.3959323509084309,,116.0
05Nov2025,C,05Dec2025,30,,111.36000061035156,0.0401999999999999,-6.837817452552802,1.685,4.0,0.4021055883789062,0.2870956246672821,,120.0
05Nov2025,C,05Dec2025,30,,111.36000061035156,0.0401999999999999,-6.796995458032547,0.86,1.0,0.4069883520507812,0.1830984659994695,,125.0
05Nov2025,C,19Dec2025,44,,111.36000061035156,0.0401999999999999,-7.310054415131871,35.725,1.0,0.6074258007812501,0.9773950171388706,,75.0
05Nov2025,C,19Dec2025,44,,111.36000061035156,0.0401999999999999,-7.0736656370676405,15.975,35.0,0.4616753051757813,0.864688706853945,,95.0
05Nov2025,C,16Jan2026,72,,111.36000061035156,0.0401999999999999,-7.189357938844531,26.025,2.0,0.5571333349609376,0.893873286602237,,85.0
05Nov2025,C,16Jan2026,72,,111.36000061035156,0.0401999999999999,-7.078132303734307,17.025,2.0,0.4289607885742187,0.8341948480910089,,95.0
05Nov2025,C,16Jan2026,72,,111.36000061035156,0.0401999999999999,-6.655275452914274,0.3399999999999999,2.0,0.3676821044921875,0.0686115155927421,,145.0
05Nov2025,C,16Jan2026,72,,111.36000061035156,0.0401999999999999,-6.588584078415601,0.175,1.0,0.4018614501953125,0.042813702663417,,155.0
05Nov2025,C,20Mar2026,135,,111.36000061035156,0.0401999999999999,-6.736784416896418,1.93,2.0,0.331061376953125,0.2172214265433153,,135.0
05Nov2025,C,20Mar2026,135,,111.36000061035156,0.0401999999999999,-6.421703370256523,0.1,19.0,0.3842835009765625,0.0232172974845386,,185.0
05Nov2025,C,17Apr2026,163,,111.36000061035156,0.0401999999999999,-7.092648970400973,20.2,1.0,0.4281063049316406,0.7767278803646256,,95.0
05Nov2025,C,17Apr2026,163,,111.36000061035156,0.0401999999999999,-6.635890567905259,0.915,10.0,0.3317937915039062,0.1247477551904271,,150.0
05Nov2025,C,17Apr2026,163,,111.36000061035156,0.0401999999999999,-6.571352046767688,0.5549999999999999,1.0,0.3471744970703124,0.085548740625328,,160.0
05Nov2025,C,15May2026,191,,111.36000061035156,0.0401999999999999,-7.04582234268009,17.15,1.0,0.3858093646240234,0.7258973670335979,,100.0
05Nov2025,C,15May2026,191,,111.36000061035156,0.0401999999999999,-6.997032178510658,13.975,1.0,0.3777528045654296,0.6659728784515294,,105.0
05Nov2025,C,15May2026,191,,111.36000061035156,0.0401999999999999,-6.906060400304932,8.9,1.0,0.3519351916503905,0.5333060624501337,,115.0
05Nov2025,C,15May2026,191,,111.36000061035156,0.0401999999999999,-6.863500785886135,6.9,1.0,0.3544986425781249,0.4676664156874686,,120.0
05Nov2025,C,15May2026,191,,111.36000061035156,0.0401999999999999,-6.82267879136588,5.4,4.0,0.3575503698730469,0.406687035473503,,125.0
05Nov2025,C,15May2026,191,,111.36000061035156,0.0401999999999999,-6.709350106058877,2.29,2.0,0.3317937915039062,0.2278548503578178,,140.0
05Nov2025,C,15May2026,191,,111.36000061035156,0.0401999999999999,-6.5450470547676005,0.6699999999999999,10.0,0.3501041552734374,0.0896732221034688,,165.0
05Nov2025,C,15May2026,191,,111.36000061035156,0.0401999999999999,-6.486206554744667,0.4649999999999999,1.0,0.3625552026367187,0.0652469925818638,,175.0
05Nov2025,C,18Sep2026,317,,111.36000061035156,0.0401999999999999,-6.9706121628757645,13.8,4.0,0.3494022579956054,0.6208705729610622,,110.0
05Nov2025,C,18Sep2026,317,,111.36000061035156,0.0401999999999999,-6.729450106058876,3.95,48.0,0.3236761968994139,0.3112919465399338,,140.0
05Nov2025,C,18Sep2026,317,,111.36000061035156,0.0401999999999999,-6.694358786247607,3.285,3.0,0.3220892987060546,0.2699361782557549,,145.0
05Nov2025,C,18Sep2026,317,,111.36000061035156,0.0401999999999999,-6.6604572345719255,2.665,1.0,0.3190986059570311,0.2310013190484599,,150.0
05Nov2025,P,28Nov2025,23,,111.36000061035156,0.0401999999999999,-7.375697286618822,1.065,4.0,1.3056675341796873,-0.0561286437980673,,70.0
05Nov2025,P,28Nov2025,23,,111.36000061035156,0.0401999999999999,-7.124382858337916,0.22,1.0,0.5566450585937501,-0.053476119647041,,90.0
05Nov2025,P,28Nov2025,23,,111.36000061035156,0.0401999999999999,-7.07031563706764,0.44,2.0,0.459966337890625,-0.0727251203583516,,95.0
05Nov2025,P,19Dec2025,44,,111.36000061035156,0.0401999999999999,-7.453155258772544,0.1,5.0,0.6953155468750001,-0.0088724570699382,,65.0
05Nov2025,P,19Dec2025,44,,111.36000061035156,0.0401999999999999,-7.379047286618822,0.085,2.0,0.5937540625000001,-0.0086874036666871,,70.0
05Nov2025,P,19Dec2025,44,,111.36000061035156,0.0401999999999999,-7.245515893994299,0.075,2.0,0.476567734375,-0.0173909614349747,,80.0
05Nov2025,P,16Jan2026,72,,111.36000061035156,0.0401999999999999,-7.45762192543921,0.12,1.0,0.5576216113281252,-0.0099109184353921,,65.0
05Nov2025,P,16Jan2026,72,,111.36000061035156,0.0401999999999999,-6.844517452552802,12.1,1.0,0.3480289807128905,-0.6386411500842704,,120.0
05Nov2025,P,18Jun2026,225,,111.36000061035156,0.0401999999999999,-7.002455988034467,7.2,46.0,0.2925485784912108,-0.3160532303170488,,105.0
05Nov2025,P,18Jun2026,225,,111.36000061035156,0.0401999999999999,-6.955935972399574,9.475,1.0,0.2884592639160155,-0.3909234359328437,,110.0
05Nov2025,P,18Jun2026,225,,111.36000061035156,0.0401999999999999,-6.868924595409944,15.025,1501.0,0.2711254528808594,-0.5509969481183059,,120.0
05Nov2025,P,18Jun2026,225,,111.36000061035156,0.0401999999999999,-6.8281026008896895,18.65,1.0,0.278754771118164,-0.6199254374830114,,125.0
05Nov2025,P,18Jun2026,225,,111.36000061035156,0.0401999999999999,-6.788881887736408,22.95,24.0,0.3118965295410155,-0.6584988490606232,,130.0
05Nov2025,P,18Sep2026,317,,111.36000061035156,0.0401999999999999,-7.496705258772544,0.8800000000000001,1.0,0.4011290356445312,-0.0426702577019292,,65.0
05Nov2025,P,18Sep2026,317,,111.36000061035156,0.0401999999999999,-7.422597286618822,1.1749999999999998,1.0,0.3780579772949218,-0.0555797835713821,,70.0
05Nov2025,P,18Sep2026,317,,111.36000061035156,0.0401999999999999,-7.353604415131871,1.57,2.0,0.3581607153320312,-0.0727320723656366,,75.0
05Nov2025,P,18Sep2026,317,,111.36000061035156,0.0401999999999999,-7.2890658939943,2.41,58.0,0.3619448571777344,-0.1051583499450536,,80.0
05Nov2025,P,18Sep2026,317,,111.36000061035156,0.0401999999999999,-7.171282858337916,4.325,2.0,0.3400944897460937,-0.1734702579034424,,90.0
05Nov2025,P,18Sep2026,317,,111.36000061035156,0.0401999999999999,-7.065922342680089,6.65,2.0,0.2920603021240233,-0.2547286217524305,,100.0
05Nov2025,P,18Sep2026,317,,111.36000061035156,0.0401999999999999,-6.9706121628757645,11.475,2.0,0.3218451605224609,-0.3792926455771952,,110.0
07Nov2025,C,21Nov2025,14,,110.73999786376952,0.0401999999999999,-7.117364034089522,20.65,2.0,0.9067392138671876,0.8971080629611572,,90.0
07Nov2025,C,21Nov2025,14,,110.73999786376952,0.0401999999999999,-7.022053854285197,12.95,10.0,0.6176796044921876,0.8412512267249757,,99.0
07Nov2025,C,21Nov2025,14,,110.73999786376952,0.0401999999999999,-7.012003518431696,11.6,10.0,0.5141650146484374,0.8596483396362391,,100.0
07Nov2025,C,21Nov2025,14,,110.73999786376952,0.0401999999999999,-6.963213354262264,8.0,238.0,0.5422409057617189,0.7152571861199593,,105.0
07Nov2025,C,21Nov2025,14,,110.73999786376952,0.0401999999999999,-6.95373461030772,6.925000000000001,1.0,0.58789474609375,0.6739713984239168,,106.0
07Nov2025,C,21Nov2025,14,,110.73999786376952,0.0401999999999999,-6.916693338627371,5.025,865.0,0.5389450402832032,0.5520747667326915,,110.0
07Nov2025,C,21Nov2025,14,,110.73999786376952,0.0401999999999999,-6.907643503107453,4.5,157.0,0.5346726220703125,0.5178215119001368,,111.0
07Nov2025,C,21Nov2025,14,,110.73999786376952,0.0401999999999999,-6.8986748331246925,4.025,698.0,0.5319871020507813,0.483370390101532,,112.0
07Nov2025,C,21Nov2025,14,,110.73999786376952,0.0401999999999999,-6.889785885707447,3.55,2.0,0.5256395092773438,0.4483635106351282,,113.0
07Nov2025,C,21Nov2025,14,,110.73999786376952,0.0401999999999999,-6.880975256025291,3.1499999999999995,47.0,0.5239305419921875,0.4143299816701998,,114.0
07Nov2025,C,21Nov2025,14,,110.73999786376952,0.0401999999999999,-6.8722415760565365,2.825,453.0,0.5273484765625001,0.3825028619452627,,115.0
07Nov2025,C,21Nov2025,14,,110.73999786376952,0.0401999999999999,-6.863583513313422,2.53,33.0,0.5307664111328125,0.3521163153999124,,116.0
07Nov2025,C,21Nov2025,14,,110.73999786376952,0.0401999999999999,-6.85499976962203,2.265,8.0,0.5346726220703125,0.3234580536756604,,117.0
07Nov2025,C,21Nov2025,14,,110.73999786376952,0.0401999999999999,-6.8464890799541225,1.855,67.0,0.5153857055664062,0.2865959809991106,,118.0
07Nov2025,C,21Nov2025,14,,110.73999786376952,0.0401999999999999,-6.838050211308257,1.62,38.0,0.51562984375,0.2589428250598777,,119.0
07Nov2025,C,21Nov2025,14,,110.73999786376952,0.0401999999999999,-6.829681961637741,1.395,153.0,0.5131884619140624,0.231649891380214,,120.0
07Nov2025,C,21Nov2025,14,,110.73999786376952,0.0401999999999999,-6.821383158823045,1.175,6.0,0.507817421875,0.2044922844839399,,121.0
07Nov2025,C,21Nov2025,14,,110.73999786376952,0.0401999999999999,-6.81315265968653,0.9950000000000002,9.0,0.5048877636718749,0.1802835809802684,,122.0
07Nov2025,C,21Nov2025,14,,110.73999786376952,0.0401999999999999,-6.80498934904737,0.88,79.0,0.5102588037109376,0.1622377119861496,,123.0
07Nov2025,C,21Nov2025,14,,110.73999786376952,0.0401999999999999,-6.788859967117486,0.6999999999999998,53.0,0.5229539892578124,0.1321230197581441,,125.0
07Nov2025,C,21Nov2025,14,,110.73999786376952,0.0401999999999999,-6.7496392539642045,0.28,61.0,0.5117236328125,0.0624553932584377,,130.0
07Nov2025,C,21Nov2025,14,,110.73999786376952,0.0401999999999999,-6.711898925981357,0.18,45.0,0.5556685058593751,0.0399163490392559,,135.0
07Nov2025,C,21Nov2025,14,,110.73999786376952,0.0401999999999999,-6.675531281810483,0.145,226.0,0.6132851171875001,0.0301136931372428,,140.0
07Nov2025,C,21Nov2025,14,,110.73999786376952,0.0401999999999999,-6.6404399619992125,0.14,148.0,0.684573466796875,0.0266833165670492,,145.0
07Nov2025,C,21Nov2025,14,,110.73999786376952,0.0401999999999999,-6.606538410323531,0.065,9.0,0.6777375976562501,0.0136156745560439,,150.0
07Nov2025,C,21Nov2025,14,,110.73999786376952,0.0401999999999999,-6.57374858750054,0.0699999999999999,10.0,0.7460962890625,0.0132946463468762,,155.0
07Nov2025,C,28Nov2025,21,,110.73999786376952,0.0401999999999999,-7.118480700756188,20.875,3.0,0.7504907763671875,0.895232614163245,,90.0
07Nov2025,C,28Nov2025,21,,110.73999786376952,0.0401999999999999,-6.983561382856818,9.7,1.0,0.5310105493164063,0.7423824541104203,,103.0
07Nov2025,C,28Nov2025,21,,110.73999786376952,0.0401999999999999,-6.96433002092893,8.55,1.0,0.5024463818359376,0.6988452870610187,,105.0
07Nov2025,C,28Nov2025,21,,110.73999786376952,0.0401999999999999,-6.917810005294037,5.325,36.0,0.4755911816406249,0.5541237254487598,,110.0
07Nov2025,C,28Nov2025,21,,110.73999786376952,0.0401999999999999,-6.908760169774119,4.85,15.0,0.4790091162109374,0.5227942123870863,,111.0
07Nov2025,C,28Nov2025,21,,110.73999786376952,0.0401999999999999,-6.899791499791359,4.35,1.0,0.47461462890625,0.4911668246033913,,112.0
07Nov2025,C,28Nov2025,21,,110.73999786376952,0.0401999999999999,-6.882091922691958,3.5,2.0,0.4711966943359374,0.4286827505018251,,114.0
07Nov2025,C,28Nov2025,21,,110.73999786376952,0.0401999999999999,-6.873358242723203,3.15,6.0,0.4773001489257812,0.4004194890463641,,115.0
07Nov2025,C,28Nov2025,21,,110.73999786376952,0.0401999999999999,-6.856116436288697,2.395,1.0,0.45898978515625,0.3359968443398794,,117.0
07Nov2025,C,28Nov2025,21,,110.73999786376952,0.0401999999999999,-6.847605746620789,2.12,14.0,0.4555718505859375,0.3066753681509634,,118.0
07Nov2025,C,28Nov2025,21,,110.73999786376952,0.0401999999999999,-6.830798628304407,1.605,18.0,0.4575249560546875,0.2559695939028502,,120.0
07Nov2025,C,28Nov2025,21,,110.73999786376952,0.0401999999999999,-6.814269326353197,1.395,1.0,0.5070850073242188,0.236898472461906,,122.0
07Nov2025,C,28Nov2025,21,,110.73999786376952,0.0401999999999999,-6.806106015714036,1.11,2.0,0.47461462890625,0.1990322738923042,,123.0
07Nov2025,C,28Nov2025,21,,110.73999786376952,0.0401999999999999,-6.7899766337841525,0.8,5.0,0.460942890625,0.1540159795396393,,125.0
07Nov2025,C,28Nov2025,21,,110.73999786376952,0.0401999999999999,-6.782008464134975,0.77,3.0,0.5004932763671875,0.159608168896748,,126.0
07Nov2025,C,28Nov2025,21,,110.73999786376952,0.0401999999999999,-6.774103284627862,0.725,5.0,0.5139208764648437,0.1512717032803695,,127.0
07Nov2025,C,28Nov2025,21,,110.73999786376952,0.0401999999999999,-6.750755920630871,0.35,1.0,0.5195360546875,0.1139349473062909,,130.0
07Nov2025,C,05Dec2025,28,,110.73999786376952,0.0401999999999999,-6.918926671960704,5.550000000000001,21.0,0.4325007922363281,0.5563057305559117,,110.0
07Nov2025,C,05Dec2025,28,,110.73999786376952,0.0401999999999999,-6.909876836440786,5.025,10.0,0.4270076831054688,0.5260644080094272,,111.0
07Nov2025,C,05Dec2025,28,,110.73999786376952,0.0401999999999999,-6.900908166458025,4.575,3.0,0.4273738903808594,0.4958739752254984,,112.0
07Nov2025,C,05Dec2025,28,,110.73999786376952,0.0401999999999999,-6.89201921904078,4.1,5.0,0.4251766467285156,0.4655388312554032,,113.0
07Nov2025,C,05Dec2025,28,,110.73999786376952,0.0401999999999999,-6.883208589358625,3.65,3.0,0.4205380212402344,0.4347168116404025,,114.0
07Nov2025,C,05Dec2025,28,,110.73999786376952,0.0401999999999999,-6.87447490938987,3.2750000000000004,49.0,0.4176083630371093,0.4044467148635335,,115.0
07Nov2025,C,05Dec2025,28,,110.73999786376952,0.0401999999999999,-6.865816846646756,2.9000000000000004,1.0,0.4155331884765625,0.3749139327865713,,116.0
07Nov2025,C,05Dec2025,28,,110.73999786376952,0.0401999999999999,-6.857233102955364,2.585,1.0,0.4235897485351562,0.3505797971201916,,117.0
07Nov2025,C,05Dec2025,28,,110.73999786376952,0.0401999999999999,-6.848722413287455,2.28,5.0,0.4157773266601562,0.3202302427672386,,118.0
07Nov2025,C,05Dec2025,28,,110.73999786376952,0.0401999999999999,-6.840283544641591,1.96,8.0,0.4080869738769531,0.2902451777920546,,119.0
07Nov2025,C,05Dec2025,28,,110.73999786376952,0.0401999999999999,-6.831915294971075,1.785,48.0,0.4123593920898437,0.2679465694279295,,120.0
07Nov2025,C,05Dec2025,28,,110.73999786376952,0.0401999999999999,-6.815385993019864,1.4599999999999995,98.0,0.4338435522460938,0.2357206028704372,,122.0
07Nov2025,C,05Dec2025,28,,110.73999786376952,0.0401999999999999,-6.807222682380703,1.1800000000000002,6.0,0.4134580139160155,0.2025031794216909,,123.0
07Nov2025,C,05Dec2025,28,,110.73999786376952,0.0401999999999999,-6.799125472148083,1.12,16.0,0.4362849340820312,0.1976634087630827,,124.0
07Nov2025,C,05Dec2025,28,,110.73999786376952,0.0401999999999999,-6.791093300450819,1.105,4.0,0.4733939379882813,0.2019289256499222,,125.0
07Nov2025,C,12Dec2025,35,,110.73999786376952,0.0401999999999999,-6.893135885707446,4.35,5.0,0.4096738720703125,0.4739136606573719,,113.0
07Nov2025,C,12Dec2025,35,,110.73999786376952,0.0401999999999999,-6.884325256025291,3.85,8.0,0.4058897302246094,0.445388273810704,,114.0
07Nov2025,C,12Dec2025,35,,110.73999786376952,0.0401999999999999,-6.875591576056537,3.575,4.0,0.4187069848632812,0.4220822705774104,,115.0
07Nov2025,C,12Dec2025,35,,110.73999786376952,0.0401999999999999,-6.849839079954122,2.035,5.0,0.432622861328125,0.3526272545580829,,118.0
07Nov2025,C,12Dec2025,35,,110.73999786376952,0.0401999999999999,-6.833031961637741,1.92,49.0,0.3848938464355468,0.2803333144757108,,120.0
07Nov2025,C,12Dec2025,35,,110.73999786376952,0.0401999999999999,-6.752989253964205,0.46,3.0,0.434575966796875,0.1366217136995007,,130.0
07Nov2025,C,19Dec2025,42,,110.73999786376952,0.0401999999999999,-7.121830700756188,21.45,1.0,0.6162147753906251,0.8683713788017935,,90.0
07Nov2025,C,19Dec2025,42,,110.73999786376952,0.0401999999999999,-7.016470185098362,12.175,16.0,0.4315242395019532,0.7886387139924327,,100.0
07Nov2025,C,19Dec2025,42,,110.73999786376952,0.0401999999999999,-6.96768002092893,8.95,41.0,0.39649041015625,0.6905375849949341,,105.0
07Nov2025,C,19Dec2025,42,,110.73999786376952,0.0401999999999999,-6.921160005294038,5.800000000000001,160.0,0.3698793481445312,0.56081639592116,,110.0
07Nov2025,C,19Dec2025,42,,110.73999786376952,0.0401999999999999,-6.876708242723203,3.575,265.0,0.3617007189941406,0.4173802332537799,,115.0
07Nov2025,C,19Dec2025,42,,110.73999786376952,0.0401999999999999,-6.834148628304408,2.065,143.0,0.3562076098632812,0.2857252858110323,,120.0
07Nov2025,C,19Dec2025,42,,110.73999786376952,0.0401999999999999,-6.793326633784153,1.18,191.0,0.3615786499023437,0.1871293136494191,,125.0
07Nov2025,C,19Dec2025,42,,110.73999786376952,0.0401999999999999,-6.754105920630871,0.64,84.0,0.3647524462890625,0.1157104523524485,,130.0
07Nov2025,C,19Dec2025,42,,110.73999786376952,0.0401999999999999,-6.716365592648024,0.345,162.0,0.3667055517578125,0.067709663513196,,135.0
07Nov2025,C,19Dec2025,42,,110.73999786376952,0.0401999999999999,-6.679997948477149,0.205,81.0,0.3774476318359374,0.0417237183530669,,140.0
07Nov2025,C,19Dec2025,42,,110.73999786376952,0.0401999999999999,-6.644906628665879,0.19,50.0,0.4321345849609375,0.0414614420898149,,145.0
07Nov2025,C,19Dec2025,42,,110.73999786376952,0.0401999999999999,-6.611005076990198,0.09,6.0,0.4404352832031249,0.0270885918011834,,150.0
07Nov2025,C,19Dec2025,42,,110.73999786376952,0.0401999999999999,-6.578215254167207,0.23,1.0,0.5127001855468749,0.0343961218157588,,155.0
07Nov2025,C,19Dec2025,42,,110.73999786376952,0.0401999999999999,-6.428683520196243,0.05,2.0,0.5664105859375,0.0080174106571669,,180.0
07Nov2025,C,16Jan2026,70,,110.73999786376952,0.0401999999999999,-7.618773852520649,55.85,2.0,0.71679970703125,0.9920456744941428,,55.0
07Nov2025,C,16Jan2026,70,,110.73999786376952,0.0401999999999999,-7.020936851765029,12.725,1.0,0.3748841809082031,0.7735039275243699,,100.0
07Nov2025,C,16Jan2026,70,,110.73999786376952,0.0401999999999999,-6.972146687595597,9.825,18.0,0.3723207299804688,0.6755321693947403,,105.0
07Nov2025,C,16Jan2026,70,,110.73999786376952,0.0401999999999999,-6.925626671960704,6.75,235.0,0.3333806896972656,0.5681746165237168,,110.0
07Nov2025,C,16Jan2026,70,,110.73999786376952,0.0401999999999999,-6.88117490938987,4.45,254.0,0.325079991455078,0.4444037728570424,,115.0
07Nov2025,C,16Jan2026,70,,110.73999786376952,0.0401999999999999,-6.838615294971074,2.83,229.0,0.3215399877929687,0.328103146379325,,120.0
07Nov2025,C,16Jan2026,70,,110.73999786376952,0.0401999999999999,-6.797793300450819,1.79,716.0,0.326056544189453,0.2348656631507599,,125.0
07Nov2025,C,16Jan2026,70,,110.73999786376952,0.0401999999999999,-6.758572587297538,1.11,59.0,0.3374089697265625,0.1687443547259571,,130.0
07Nov2025,C,16Jan2026,70,,110.73999786376952,0.0401999999999999,-6.72083225931469,0.6650000000000001,30.0,0.3347234497070312,0.1101973350219082,,135.0
07Nov2025,C,16Jan2026,70,,110.73999786376952,0.0401999999999999,-6.684464615143816,0.42,26.0,0.3388737988281249,0.0730112675549979,,140.0
07Nov2025,C,16Jan2026,70,,110.73999786376952,0.0401999999999999,-6.649373295332546,0.2900000000000001,31.0,0.3505924316406249,0.0516941080639827,,145.0
07Nov2025,C,16Jan2026,70,,110.73999786376952,0.0401999999999999,-6.615471743656864,0.2,52.0,0.3779359082031249,0.0441807905531227,,150.0
07Nov2025,C,16Jan2026,70,,110.73999786376952,0.0401999999999999,-6.4331501868629095,0.04,40.0,0.4492242578124999,0.0098581076346808,,180.0
07Nov2025,C,20Feb2026,105,,110.73999786376952,0.0401999999999999,-7.077813479485912,19.175,12.0,0.4713187634277344,0.7818931804935462,,95.0
07Nov2025,C,20Feb2026,105,,110.73999786376952,0.0401999999999999,-7.026520185098362,15.05,8.0,0.3916076464843749,0.7407869408114294,,100.0
07Nov2025,C,20Feb2026,105,,110.73999786376952,0.0401999999999999,-6.931210005294037,8.725000000000001,51.0,0.3571841625976562,0.5757960424991437,,110.0
07Nov2025,C,20Feb2026,105,,110.73999786376952,0.0401999999999999,-6.886758242723204,6.375,46.0,0.348639326171875,0.4814465679122279,,115.0
07Nov2025,C,20Feb2026,105,,110.73999786376952,0.0401999999999999,-6.844198628304407,4.55,37.0,0.3422917333984374,0.3887251305768014,,120.0
07Nov2025,C,20Feb2026,105,,110.73999786376952,0.0401999999999999,-6.803376633784152,3.175,15.0,0.3400944897460937,0.3052202924077611,,125.0
07Nov2025,C,20Feb2026,105,,110.73999786376952,0.0401999999999999,-6.764155920630871,2.175,309.0,0.3372869006347656,0.2320837780094311,,130.0
07Nov2025,C,20Feb2026,105,,110.73999786376952,0.0401999999999999,-6.726415592648024,1.415,295.0,0.3503482934570311,0.1844115033693458,,135.0
07Nov2025,C,20Feb2026,105,,110.73999786376952,0.0401999999999999,-6.654956628665879,0.665,4.0,0.3496158789062499,0.0999148017630216,,145.0
07Nov2025,C,20Feb2026,105,,110.73999786376952,0.0401999999999999,-6.588265254167207,0.3349999999999999,2.0,0.3684145190429688,0.061257434937228,,155.0
07Nov2025,C,20Feb2026,105,,110.73999786376952,0.0401999999999999,-6.556516555852626,0.225,3.0,0.3833069482421875,0.0514556403757124,,160.0
07Nov2025,C,20Mar2026,133,,110.73999786376952,0.0401999999999999,-7.254130403079238,31.95,1.0,0.5481002221679689,0.8834635324815259,,80.0
07Nov2025,C,20Mar2026,133,,110.73999786376952,0.0401999999999999,-7.136347367422856,22.975,2.0,0.4387263159179688,0.8341681639112795,,90.0
07Nov2025,C,20Mar2026,133,,110.73999786376952,0.0401999999999999,-6.9821966875955965,12.675,10.0,0.386602813720703,0.6581882925760858,,105.0
07Nov2025,C,20Mar2026,133,,110.73999786376952,0.0401999999999999,-6.89122490938987,7.15,14.0,0.3455875988769531,0.49743837712864,,115.0
07Nov2025,C,20Mar2026,133,,110.73999786376952,0.0401999999999999,-6.848665294971075,5.2,4.0,0.3396062133789062,0.4137987417206394,,120.0
07Nov2025,C,20Mar2026,133,,110.73999786376952,0.0401999999999999,-6.807843300450819,3.475,15.0,0.3303289624023437,0.332034268151228,,125.0
07Nov2025,C,20Mar2026,133,,110.73999786376952,0.0401999999999999,-6.768622587297537,2.6950000000000003,32.0,0.3328924133300781,0.2661182429614369,,130.0
07Nov2025,C,20Mar2026,133,,110.73999786376952,0.0401999999999999,-6.694514615143816,1.385,10.0,0.3343572424316406,0.1615387616892167,,140.0
07Nov2025,C,20Mar2026,133,,110.73999786376952,0.0401999999999999,-6.625521743656864,0.65,1.0,0.334967587890625,0.0922220885194642,,150.0
07Nov2025,C,20Mar2026,133,,110.73999786376952,0.0401999999999999,-6.592731920833874,0.3949999999999999,166.0,0.3400944897460937,0.0716193198921828,,155.0
07Nov2025,C,20Mar2026,133,,110.73999786376952,0.0401999999999999,-6.560983222519293,0.355,50.0,0.3552310571289062,0.0617096965022398,,160.0
07Nov2025,C,17Apr2026,161,,110.73999786376952,0.0401999999999999,-6.895691576056537,8.024999999999999,6.0,0.3669496899414062,0.5158452613407716,,115.0
07Nov2025,C,17Apr2026,161,,110.73999786376952,0.0401999999999999,-6.853131961637741,5.825,6.0,0.3245917150878905,0.4276046903084797,,120.0
07Nov2025,C,17Apr2026,161,,110.73999786376952,0.0401999999999999,-6.812309967117486,4.275,44.0,0.3175117077636719,0.3501621893431835,,125.0
07Nov2025,C,17Apr2026,161,,110.73999786376952,0.0401999999999999,-6.773089253964204,2.92,13.0,0.3153754986572264,0.2822525495637087,,130.0
07Nov2025,C,17Apr2026,161,,110.73999786376952,0.0401999999999999,-6.7353489259813575,2.27,133.0,0.3145820495605468,0.2239920547229243,,135.0
07Nov2025,C,17Apr2026,161,,110.73999786376952,0.0401999999999999,-6.698981281810482,1.64,36.0,0.3144599804687499,0.1753352262044321,,140.0
07Nov2025,C,17Apr2026,161,,110.73999786376952,0.0401999999999999,-6.534678230519206,0.465,1.0,0.3474186352539062,0.0622722275419417,,165.0
07Nov2025,C,15May2026,189,,110.73999786376952,0.0401999999999999,-6.900158242723204,9.325,9.0,0.3764710791015625,0.5290784847969263,,115.0
07Nov2025,C,15May2026,189,,110.73999786376952,0.0401999999999999,-6.857598628304408,6.875,6.0,0.3431462170410155,0.4532457526420135,,120.0
07Nov2025,C,15May2026,189,,110.73999786376952,0.0401999999999999,-6.816776633784152,5.225,1.0,0.3360662097167969,0.3844198460320577,,125.0
07Nov2025,C,15May2026,189,,110.73999786376952,0.0401999999999999,-6.777555920630871,4.025,1.0,0.3399113861083984,0.3270168013145011,,130.0
07Nov2025,C,15May2026,189,,110.73999786376952,0.0401999999999999,-6.739815592648024,3.205,16.0,0.3411931115722656,0.2744936853920658,,135.0
07Nov2025,C,15May2026,189,,110.73999786376952,0.0401999999999999,-6.703447948477149,2.45,1.0,0.3398503515625,0.2262285166604606,,140.0
07Nov2025,C,15May2026,189,,110.73999786376952,0.0401999999999999,-6.634455076990197,1.42,3.0,0.3399724206542969,0.1508054588957246,,150.0
07Nov2025,C,18Jun2026,223,,110.73999786376952,0.0401999999999999,-6.905582052247013,10.0,3.0,0.3508976043701171,0.5354828707369305,,115.0
07Nov2025,C,18Jun2026,223,,110.73999786376952,0.0401999999999999,-6.822200443307962,6.050000000000001,30.0,0.3278875805664062,0.4018164981691535,,125.0
07Nov2025,C,18Jun2026,223,,110.73999786376952,0.0401999999999999,-6.782979730154681,4.525,8.0,0.3261175787353515,0.3426475103269798,,130.0
07Nov2025,C,18Jun2026,223,,110.73999786376952,0.0401999999999999,-6.708871758000958,2.85,40.0,0.3257513714599609,0.2428877359342751,,140.0
07Nov2025,C,18Jun2026,223,,110.73999786376952,0.0401999999999999,-6.607089063691016,1.465,1.0,0.3346013806152343,0.144355855665768,,155.0
07Nov2025,C,18Jun2026,223,,110.73999786376952,0.0401999999999999,-6.575340365376436,1.175,4.0,0.3391179370117187,0.1223963538435123,,160.0
07Nov2025,C,18Jun2026,223,,110.73999786376952,0.0401999999999999,-6.544568706709683,0.8899999999999999,1.0,0.3320379296875,0.0947517429001788,,165.0
07Nov2025,C,18Sep2026,315,,110.73999786376952,0.0401999999999999,-6.920258242723203,11.75,30.0,0.345160357055664,0.5599334030324894,,115.0
07Nov2025,C,18Sep2026,315,,110.73999786376952,0.0401999999999999,-6.877698628304407,9.65,168.0,0.333563793334961,0.5030872493656662,,120.0
07Nov2025,C,18Sep2026,315,,110.73999786376952,0.0401999999999999,-6.759915592648024,5.15,20.0,0.3223944714355468,0.3461207450417016,,135.0
07Nov2025,C,18Sep2026,315,,110.73999786376952,0.0401999999999999,-6.6545550769901975,2.71,2.0,0.3183051568603515,0.223319195008137,,150.0
07Nov2025,P,21Nov2025,14,,110.73999786376952,0.0401999999999999,-7.2351470697459055,0.04,21.0,0.70312796875,-0.0073171210137573,,80.0
07Nov2025,P,21Nov2025,14,,110.73999786376952,0.0401999999999999,-7.17452244792947,0.145,2.0,0.7070341796875,-0.0232533110376991,,85.0
07Nov2025,P,21Nov2025,14,,110.73999786376952,0.0401999999999999,-7.117364034089522,0.15,94.0,0.579105771484375,-0.0287988122881984,,90.0
07Nov2025,P,21Nov2025,14,,110.73999786376952,0.0401999999999999,-7.063296812819246,0.44,80.0,0.56836369140625,-0.0739784388453204,,95.0
07Nov2025,P,21Nov2025,14,,110.73999786376952,0.0401999999999999,-7.022053854285197,0.81,60.0,0.5376022802734376,-0.1288891614930096,,99.0
07Nov2025,P,21Nov2025,14,,110.73999786376952,0.0401999999999999,-7.012003518431696,0.935,229.0,0.5293015820312501,-0.1466720605033875,,100.0
07Nov2025,P,21Nov2025,14,,110.73999786376952,0.0401999999999999,-7.002053187578527,1.0499999999999998,35.0,0.5158739819335938,-0.1642808986796586,,101.0
07Nov2025,P,21Nov2025,14,,110.73999786376952,0.0401999999999999,-6.992200891135516,1.225,118.0,0.5102588037109376,-0.187251143981078,,102.0
07Nov2025,P,21Nov2025,14,,110.73999786376952,0.0401999999999999,-6.982444716190151,1.455,41.0,0.5095263891601562,-0.2143445615304011,,103.0
07Nov2025,P,21Nov2025,14,,110.73999786376952,0.0401999999999999,-6.972782805278414,1.725,42.0,0.5102588037109376,-0.24391633822432,,104.0
07Nov2025,P,21Nov2025,14,,110.73999786376952,0.0401999999999999,-6.963213354262264,2.12,163.0,0.523442265625,-0.27910936081765,,105.0
07Nov2025,P,21Nov2025,14,,110.73999786376952,0.0401999999999999,-6.95373461030772,2.45,129.0,0.5224657128906249,-0.310738828665033,,106.0
07Nov2025,P,21Nov2025,14,,110.73999786376952,0.0401999999999999,-6.944344869957881,2.79,158.0,0.5188036401367188,-0.3430660018136464,,107.0
07Nov2025,P,21Nov2025,14,,110.73999786376952,0.0401999999999999,-6.935042477295567,3.2,58.0,0.5192919165039063,-0.3773841771085959,,108.0
07Nov2025,P,21Nov2025,14,,110.73999786376952,0.0401999999999999,-6.925825822190643,3.625,51.0,0.51758294921875,-0.412106021826444,,109.0
07Nov2025,P,21Nov2025,14,,110.73999786376952,0.0401999999999999,-6.916693338627371,4.1,165.0,0.51758294921875,-0.4474772124225463,,110.0
07Nov2025,P,21Nov2025,14,,110.73999786376952,0.0401999999999999,-6.907643503107453,4.6,56.0,0.5161181201171875,-0.4830125492358214,,111.0
07Nov2025,P,21Nov2025,14,,110.73999786376952,0.0401999999999999,-6.8986748331246925,5.15,19.0,0.5163622583007812,-0.5183705474734067,,112.0
07Nov2025,P,21Nov2025,14,,110.73999786376952,0.0401999999999999,-6.889785885707447,5.699999999999999,10.0,0.5127001855468749,-0.5539466217647286,,113.0
07Nov2025,P,21Nov2025,14,,110.73999786376952,0.0401999999999999,-6.880975256025291,6.275,246.0,0.507817421875,-0.5895911397575437,,114.0
07Nov2025,P,21Nov2025,14,,110.73999786376952,0.0401999999999999,-6.8722415760565365,6.925,83.0,0.507817421875,-0.6233568365476864,,115.0
07Nov2025,P,21Nov2025,14,,110.73999786376952,0.0401999999999999,-6.829681961637741,11.275,40.0,0.603763728027344,-0.728070948487539,,120.0
07Nov2025,P,21Nov2025,14,,110.73999786376952,0.0401999999999999,-6.788859967117486,14.6,10.0,0.6010782080078126,-0.8307167562513821,,125.0
07Nov2025,P,28Nov2025,21,,110.73999786376952,0.0401999999999999,-7.118480700756188,0.19,17.0,0.56836369140625,-0.0541078492165008,,90.0
07Nov2025,P,28Nov2025,21,,110.73999786376952,0.0401999999999999,-7.033322892415882,0.8,1.0,0.4753470434570312,-0.1252351416723631,,98.0
07Nov2025,P,28Nov2025,21,,110.73999786376952,0.0401999999999999,-7.023170520951863,0.92,15.0,0.4694877270507813,-0.1418638200121108,,99.0
07Nov2025,P,28Nov2025,21,,110.73999786376952,0.0401999999999999,-7.013120185098362,1.085,18.0,0.4641166870117187,-0.1604004935576622,,100.0
07Nov2025,P,28Nov2025,21,,110.73999786376952,0.0401999999999999,-7.003169854245194,1.28,12.0,0.46289599609375,-0.1825947050144911,,101.0
07Nov2025,P,28Nov2025,21,,110.73999786376952,0.0401999999999999,-6.9933175578021824,1.405,11.0,0.459966337890625,-0.2057421755528204,,102.0
07Nov2025,P,28Nov2025,21,,110.73999786376952,0.0401999999999999,-6.983561382856818,1.75,8.0,0.45898978515625,-0.231419234954626,,103.0
07Nov2025,P,28Nov2025,21,,110.73999786376952,0.0401999999999999,-6.973899471945081,2.005,9.0,0.4580132324218751,-0.258633274317201,,104.0
07Nov2025,P,28Nov2025,21,,110.73999786376952,0.0401999999999999,-6.96433002092893,2.2850000000000006,15.0,0.4604546142578125,-0.2883977582210879,,105.0
07Nov2025,P,28Nov2025,21,,110.73999786376952,0.0401999999999999,-6.954851276974386,2.68,11.0,0.4592339233398438,-0.3180312375540697,,106.0
07Nov2025,P,28Nov2025,21,,110.73999786376952,0.0401999999999999,-6.945461536624547,3.055,8.0,0.459966337890625,-0.3491832464875409,,107.0
07Nov2025,P,28Nov2025,21,,110.73999786376952,0.0401999999999999,-6.936159143962234,3.45,16.0,0.4585015087890626,-0.3806294108734513,,108.0
07Nov2025,P,28Nov2025,21,,110.73999786376952,0.0401999999999999,-6.92694248885731,3.875,26.0,0.4538628833007812,-0.412486399945062,,109.0
07Nov2025,P,28Nov2025,21,,110.73999786376952,0.0401999999999999,-6.917810005294037,4.35,22.0,0.4558159887695313,-0.4454581979264365,,110.0
07Nov2025,P,28Nov2025,21,,110.73999786376952,0.0401999999999999,-6.908760169774119,4.85,12.0,0.4544732287597656,-0.4783839387498201,,111.0
07Nov2025,P,28Nov2025,21,,110.73999786376952,0.0401999999999999,-6.899791499791359,5.35,122.0,0.4500787414550781,-0.5117256575915955,,112.0
07Nov2025,P,28Nov2025,21,,110.73999786376952,0.0401999999999999,-6.882091922691958,6.5,4.0,0.4461725305175781,-0.5776870089838635,,114.0
07Nov2025,P,28Nov2025,21,,110.73999786376952,0.0401999999999999,-6.873358242723203,7.1,4.0,0.4419001123046875,-0.6107602497151008,,115.0
07Nov2025,P,05Dec2025,28,,110.73999786376952,0.0401999999999999,-7.119597367422855,0.29,102.0,0.543949873046875,-0.0704746561548416,,90.0
07Nov2025,P,05Dec2025,28,,110.73999786376952,0.0401999999999999,-6.928059155523977,3.974999999999999,7.0,0.4056455920410156,-0.4111510675079343,,109.0
07Nov2025,P,05Dec2025,28,,110.73999786376952,0.0401999999999999,-6.918926671960704,4.5,5.0,0.4069883520507812,-0.443066641501356,,110.0
07Nov2025,P,05Dec2025,28,,110.73999786376952,0.0401999999999999,-6.900908166458025,5.5,122.0,0.4021055883789062,-0.5072647271083066,,112.0
07Nov2025,P,05Dec2025,28,,110.73999786376952,0.0401999999999999,-6.865816846646756,8.0,3.0,0.4113828393554687,-0.6267427389732214,,116.0
07Nov2025,P,12Dec2025,35,,110.73999786376952,0.0401999999999999,-6.985794716190151,2.145,2.0,0.4307918249511719,-0.2614938862571203,,103.0
07Nov2025,P,12Dec2025,35,,110.73999786376952,0.0401999999999999,-6.966563354262264,2.895,5.0,0.4498346032714844,-0.3158206002305926,,105.0
07Nov2025,P,12Dec2025,35,,110.73999786376952,0.0401999999999999,-6.92004333862737,4.725,2.0,0.393560751953125,-0.441336873197436,,110.0
07Nov2025,P,19Dec2025,42,,110.73999786376952,0.0401999999999999,-7.447253101190816,0.06,9.0,0.6679720703125002,-0.0064756514839839,,65.0
07Nov2025,P,19Dec2025,42,,110.73999786376952,0.0401999999999999,-7.373145129037095,0.045,1.0,0.5625043750000001,-0.0058089831368876,,70.0
07Nov2025,P,19Dec2025,42,,110.73999786376952,0.0401999999999999,-7.304152257550143,0.045,3.0,0.532231240234375,-0.0114717340314419,,75.0
07Nov2025,P,19Dec2025,42,,110.73999786376952,0.0401999999999999,-7.239613736412572,0.13,184.0,0.5273484765625001,-0.026618789472266,,80.0
07Nov2025,P,19Dec2025,42,,110.73999786376952,0.0401999999999999,-7.178989114596137,0.245,15.0,0.4868215380859375,-0.0434048084209961,,85.0
07Nov2025,P,19Dec2025,42,,110.73999786376952,0.0401999999999999,-7.121830700756188,0.4150000000000001,93.0,0.434575966796875,-0.0652891541890603,,90.0
07Nov2025,P,19Dec2025,42,,110.73999786376952,0.0401999999999999,-7.0677634794859125,0.8299999999999998,89.0,0.4057676611328125,-0.1119477076596914,,95.0
07Nov2025,P,19Dec2025,42,,110.73999786376952,0.0401999999999999,-7.016470185098362,1.56,41.0,0.3776917700195312,-0.1850163964537896,,100.0
07Nov2025,P,19Dec2025,42,,110.73999786376952,0.0401999999999999,-6.96768002092893,2.87,109.0,0.3643862390136719,-0.2981163673896587,,105.0
07Nov2025,P,19Dec2025,42,,110.73999786376952,0.0401999999999999,-6.921160005294038,4.9,271.0,0.3592593371582031,-0.4388412838814737,,110.0
07Nov2025,P,19Dec2025,42,,110.73999786376952,0.0401999999999999,-6.876708242723203,7.699999999999999,200.0,0.3541324353027343,-0.5853708201070191,,115.0
07Nov2025,P,19Dec2025,42,,110.73999786376952,0.0401999999999999,-6.834148628304408,11.524999999999997,45.0,0.4503228796386719,-0.6624114091099073,,120.0
07Nov2025,P,19Dec2025,42,,110.73999786376952,0.0401999999999999,-6.793326633784153,16.0,30.0,0.501103621826172,-0.7258760571093443,,125.0
07Nov2025,P,16Jan2026,70,,110.73999786376952,0.0401999999999999,-7.451719767857483,0.065,3.0,0.523442265625,-0.0067078056874289,,65.0
07Nov2025,P,16Jan2026,70,,110.73999786376952,0.0401999999999999,-7.30861892421681,0.09,4.0,0.429693203125,-0.0136923387246292,,75.0
07Nov2025,P,16Jan2026,70,,110.73999786376952,0.0401999999999999,-7.244080403079239,0.15,175.0,0.4023497265625,-0.0240068403786736,,80.0
07Nov2025,P,16Jan2026,70,,110.73999786376952,0.0401999999999999,-7.183455781262803,0.3,127.0,0.3855041918945311,-0.0448475747592684,,85.0
07Nov2025,P,16Jan2026,70,,110.73999786376952,0.0401999999999999,-7.126297367422855,0.735,40.0,0.4167538793945312,-0.1020869352905599,,90.0
07Nov2025,P,16Jan2026,70,,110.73999786376952,0.0401999999999999,-7.072230146152579,1.36,337.0,0.3674379663085937,-0.1398224725862907,,95.0
07Nov2025,P,16Jan2026,70,,110.73999786376952,0.0401999999999999,-7.020936851765029,2.125,90.0,0.3302068933105468,-0.2029637548638305,,100.0
07Nov2025,P,16Jan2026,70,,110.73999786376952,0.0401999999999999,-6.972146687595597,3.55,170.0,0.3209296423339843,-0.3071895658022784,,105.0
07Nov2025,P,16Jan2026,70,,110.73999786376952,0.0401999999999999,-6.925626671960704,5.575,297.0,0.3121406677246093,-0.4310128107240835,,110.0
07Nov2025,P,16Jan2026,70,,110.73999786376952,0.0401999999999999,-6.88117490938987,8.325,111.0,0.3062813513183594,-0.5623301549366275,,115.0
07Nov2025,P,16Jan2026,70,,110.73999786376952,0.0401999999999999,-6.838615294971074,11.8,7.0,0.3111641149902343,-0.6788983978295897,,120.0
07Nov2025,P,16Jan2026,70,,110.73999786376952,0.0401999999999999,-6.797793300450819,16.225,1.0,0.412969737548828,-0.7042679428617389,,125.0
07Nov2025,P,16Jan2026,70,,110.73999786376952,0.0401999999999999,-6.758572587297538,19.9,9.0,0.413946290283203,-0.7737874582732442,,130.0
07Nov2025,P,16Jan2026,70,,110.73999786376952,0.0401999999999999,-6.684464615143816,29.425,1.0,0.5014698291015626,-0.8219206407113842,,140.0
07Nov2025,P,20Feb2026,105,,110.73999786376952,0.0401999999999999,-7.249663736412572,0.5349999999999999,5.0,0.403326279296875,-0.0479834090477332,,80.0
07Nov2025,P,20Feb2026,105,,110.73999786376952,0.0401999999999999,-7.189039114596137,0.88,4.0,0.3908752319335937,-0.07754258733259,,85.0
07Nov2025,P,20Feb2026,105,,110.73999786376952,0.0401999999999999,-7.131880700756189,1.45,4.0,0.3820862573242187,-0.1208356185801877,,90.0
07Nov2025,P,20Feb2026,105,,110.73999786376952,0.0401999999999999,-7.077813479485912,2.2,2.0,0.3493717407226562,-0.165139891724369,,95.0
07Nov2025,P,20Feb2026,105,,110.73999786376952,0.0401999999999999,-7.026520185098362,3.35,60.0,0.3375310388183594,-0.2364073689830674,,100.0
07Nov2025,P,20Feb2026,105,,110.73999786376952,0.0401999999999999,-6.97773002092893,4.975,95.0,0.3288030987548828,-0.3243536151868514,,105.0
07Nov2025,P,20Feb2026,105,,110.73999786376952,0.0401999999999999,-6.931210005294037,7.1,180.0,0.320746538696289,-0.4237880915901646,,110.0
07Nov2025,P,20Feb2026,105,,110.73999786376952,0.0401999999999999,-6.886758242723204,9.775,139.0,0.3122627368164062,-0.5289338121717022,,115.0
07Nov2025,P,20Mar2026,133,,110.73999786376952,0.0401999999999999,-7.724134032324974,0.065,1.0,0.5468795312500001,-0.0044204912160592,,50.0
07Nov2025,P,20Mar2026,133,,110.73999786376952,0.0401999999999999,-7.136347367422856,1.89,1.0,0.3682924499511719,-0.1335340098679509,,90.0
07Nov2025,P,20Mar2026,133,,110.73999786376952,0.0401999999999999,-7.08228014615258,2.595,28.0,0.3471744970703124,-0.1824092943796771,,95.0
07Nov2025,P,20Mar2026,133,,110.73999786376952,0.0401999999999999,-7.030986851765029,4.15,71.0,0.3698793481445312,-0.2629925207494332,,100.0
07Nov2025,P,20Mar2026,133,,110.73999786376952,0.0401999999999999,-6.9821966875955965,5.525,132.0,0.3143379113769531,-0.3254273394322873,,105.0
07Nov2025,P,20Mar2026,133,,110.73999786376952,0.0401999999999999,-6.935676671960704,7.525,388.0,0.3076851458740234,-0.4176798876816211,,110.0
07Nov2025,P,20Mar2026,133,,110.73999786376952,0.0401999999999999,-6.89122490938987,10.425,4.0,0.309577216796875,-0.512034112355082,,115.0
07Nov2025,P,17Apr2026,161,,110.73999786376952,0.0401999999999999,-7.258597069745905,0.945,5.0,0.37695935546875,-0.0674857973148004,,80.0
07Nov2025,P,17Apr2026,161,,110.73999786376952,0.0401999999999999,-7.086746812819246,3.23,18.0,0.3485172570800781,-0.1963666057632825,,95.0
07Nov2025,P,17Apr2026,161,,110.73999786376952,0.0401999999999999,-7.035453518431695,4.125,3.0,0.3159858441162109,-0.2496697905696298,,100.0
07Nov2025,P,17Apr2026,161,,110.73999786376952,0.0401999999999999,-6.986663354262263,5.975,21.0,0.3057930749511719,-0.3260208048704038,,105.0
07Nov2025,P,17Apr2026,161,,110.73999786376952,0.0401999999999999,-6.9401433386273705,8.525,3.0,0.3313055151367187,-0.4125165891829396,,110.0
07Nov2025,P,17Apr2026,161,,110.73999786376952,0.0401999999999999,-6.895691576056537,10.9,5.0,0.3241644732666014,-0.4941432644258241,,115.0
07Nov2025,P,15May2026,189,,110.73999786376952,0.0401999999999999,-7.202439114596137,1.74,54.0,0.3538882971191405,-0.1060401464234308,,85.0
07Nov2025,P,15May2026,189,,110.73999786376952,0.0401999999999999,-7.091213479485913,3.675,4.0,0.3509586389160155,-0.2073221781833853,,95.0
07Nov2025,P,15May2026,189,,110.73999786376952,0.0401999999999999,-7.039920185098362,5.4,16.0,0.3432682861328124,-0.2673746828375578,,100.0
07Nov2025,P,15May2026,189,,110.73999786376952,0.0401999999999999,-6.944610005294037,9.125,4.0,0.3105537695312499,-0.4071485198938758,,110.0
07Nov2025,P,18Jun2026,223,,110.73999786376952,0.0401999999999999,-7.843851690839943,0.125,10.0,0.516606396484375,-0.0063361810878552,,45.0
07Nov2025,P,18Jun2026,223,,110.73999786376952,0.0401999999999999,-7.402018938560904,0.665,11.0,0.3920959228515625,-0.0418125656626858,,70.0
07Nov2025,P,18Jun2026,223,,110.73999786376952,0.0401999999999999,-7.268487545936382,1.26,12.0,0.351446915283203,-0.0792069957686341,,80.0
07Nov2025,P,18Jun2026,223,,110.73999786376952,0.0401999999999999,-7.150704510279998,2.875,9.0,0.3296575823974609,-0.1517507164872313,,90.0
07Nov2025,P,18Jun2026,223,,110.73999786376952,0.0401999999999999,-7.045343994622171,5.55,69.0,0.3126289440917968,-0.2610333175329887,,100.0
07Nov2025,P,18Jun2026,223,,110.73999786376952,0.0401999999999999,-6.99655383045274,7.25,41.0,0.2984078948974609,-0.3263147347330661,,105.0
07Nov2025,P,18Jun2026,223,,110.73999786376952,0.0401999999999999,-6.950033814817846,9.4,8.0,0.2888254711914061,-0.4007642949664873,,110.0
07Nov2025,P,18Sep2026,315,,110.73999786376952,0.0401999999999999,-7.347702257550143,1.565,2.0,0.3665834826660156,-0.0783199578283164,,75.0
07Nov2025,P,18Sep2026,315,,110.73999786376952,0.0401999999999999,-7.165380700756188,4.375,10.0,0.348090015258789,-0.1813414194564772,,90.0
07Nov2025,P,18Sep2026,315,,110.73999786376952,0.0401999999999999,-7.111313479485912,5.65,4.0,0.3381413842773437,-0.2249595461966316,,95.0
07Nov2025,P,18Sep2026,315,,110.73999786376952,0.0401999999999999,-7.060020185098362,6.425,600.0,0.3049385913085937,-0.2662396896722785,,100.0
07Nov2025,P,18Sep2026,315,,110.73999786376952,0.0401999999999999,-6.964710005294037,11.25,11.0,0.3059151440429687,-0.3867634266721406,,110.0
07Nov2025,P,18Sep2026,315,,110.73999786376952,0.0401999999999999,-6.877698628304407,16.7,21.0,0.2955087539672851,-0.5115252974248905,,120.0
