dateraw,cp_flag,exdateraw,tauday,X,s,tr,money,oprice,volume,iv,deltachk
17Oct2025,C,21Nov2025,35,180.0,212.94000244140625,0.042,-7.081642208776951,35.125,21.0,0.510869149169922,0.8783674970905762
17Oct2025,C,28Nov2025,42,245.0,212.94000244140625,0.042,-6.774507515789101,2.255,2.0,0.4229794030761719,0.1915946141220039
17Oct2025,C,19Dec2025,63,330.0,212.94000244140625,0.042,-6.480173071873302,0.165,10.0,0.4982960327148438,0.0239862225360688
17Oct2025,C,20Mar2026,154,290.0,212.94000244140625,0.042,-6.624551470019975,2.785,1.0,0.3853821228027343,0.1496533165492518
17Oct2025,C,15May2026,210,280.0,212.94000244140625,0.042,-6.668976123164578,5.45,9.0,0.3775391836547851,0.2331624822350758
17Oct2025,C,18Jun2026,244,285.0,212.94000244140625,0.042,-6.656943212731844,5.8,2.0,0.3785462536621093,0.2431233332448996
17Oct2025,P,21Nov2025,35,90.0,212.94000244140625,0.042,-7.774789389336896,0.105,1.0,1.142582412109375,-0.0043664298405449
17Oct2025,P,21Nov2025,35,170.0,212.94000244140625,0.042,-7.138800622616899,0.7849999999999999,1.0,0.5105029418945313,-0.0631123995996619
17Oct2025,P,21Nov2025,35,235.0,212.94000244140625,0.042,-6.815013545523002,24.3,2.0,0.4202938830566406,-0.7458166230186583
17Oct2025,P,19Dec2025,63,120.0,212.94000244140625,0.042,-7.491773983551782,0.195,1.0,0.6293982373046876,-0.0093422204366151
17Oct2025,P,19Dec2025,63,125.0,212.94000244140625,0.042,-7.450951989031527,0.185,5.0,0.584965087890625,-0.0095577643089769
17Oct2025,P,19Dec2025,63,180.0,212.94000244140625,0.042,-7.086308875443618,2.345,3.0,0.389654541015625,-0.1222454563403396
17Oct2025,P,19Dec2025,63,225.0,212.94000244140625,0.042,-6.863165324129408,18.5,11.0,0.3447941497802734,-0.6034746737259329
17Oct2025,P,16Jan2026,91,225.0,212.94000244140625,0.042,-6.867831990796074,21.0,17.0,0.3732362481689453,-0.5581332797804455
17Oct2025,P,16Jan2026,91,230.0,212.94000244140625,0.042,-6.845853084077299,24.175,5.0,0.3540103662109374,-0.6134728152743243
17Oct2025,P,20Feb2026,126,160.0,212.94000244140625,0.042,-7.214591911100001,2.095,5.0,0.4068662829589844,-0.0844277897243994
17Oct2025,P,18Jun2026,244,210.0,212.94000244140625,0.042,-6.962324862283026,19.75,6.0,0.3307256869506836,-0.3857361291311153
17Oct2025,P,18Sep2026,336,300.0,212.94000244140625,0.042,-6.620983251677627,87.975,2.0,0.2947458221435546,-0.8248413597781169
17Oct2025,C,31Oct2025,14,175.0,212.94000244140625,0.042,-7.106313085743647,40.175,1.0,0.929688203125,0.8805193717705506
17Oct2025,C,31Oct2025,14,180.0,212.94000244140625,0.042,-7.078142208776951,34.675,31.0,0.7690452783203126,0.8852761740451961
17Oct2025,C,31Oct2025,14,185.0,212.94000244140625,0.042,-7.050743234588836,30.025,2.0,0.7185086743164062,0.8602307988078309
17Oct2025,C,31Oct2025,14,190.0,212.94000244140625,0.042,-7.024074987506675,25.450000000000003,13.0,0.6665072412109377,0.8291576672167664
17Oct2025,C,31Oct2025,14,195.0,212.94000244140625,0.042,-6.998099501103415,21.424999999999997,1.0,0.6518589501953126,0.7781146610644551
17Oct2025,C,31Oct2025,14,200.0,212.94000244140625,0.042,-6.972781693119124,15.85,30.0,0.6568637829589845,0.7136838445916011
17Oct2025,C,31Oct2025,14,205.0,212.94000244140625,0.042,-6.948089080528753,13.2,7.0,0.5505416040039064,0.6632278657954342
17Oct2025,C,31Oct2025,14,210.0,212.94000244140625,0.042,-6.923991528949693,9.625,281.0,0.5070850073242188,0.5815538995511418
17Oct2025,C,31Oct2025,14,215.0,212.94000244140625,0.042,-6.900461031539498,7.199999999999999,277.0,0.5085498364257812,0.48775812729965995
17Oct2025,C,31Oct2025,14,220.0,212.94000244140625,0.042,-6.8774715133147994,5.225,320.0,0.5083056982421875,0.396781419149884
17Oct2025,C,31Oct2025,14,225.0,212.94000244140625,0.042,-6.854998657462741,3.5,387.0,0.5053760400390624,0.3117727457879987
17Oct2025,C,31Oct2025,14,230.0,212.94000244140625,0.042,-6.833019750743966,2.425,327.0,0.5062305236816407,0.2383801116119455
17Oct2025,C,31Oct2025,14,235.0,212.94000244140625,0.042,-6.8115135455230025,1.6600000000000001,220.0,0.5048877636718749,0.17588161568706795
17Oct2025,C,31Oct2025,14,240.0,212.94000244140625,0.042,-6.79046013632517,1.09,151.0,0.5065967309570312,0.1271644330438534
17Oct2025,C,31Oct2025,14,245.0,212.94000244140625,0.042,-6.769840849122434,0.75,28.0,0.516606396484375,0.09347322514786038
17Oct2025,C,31Oct2025,14,250.0,212.94000244140625,0.042,-6.7496381418049145,0.5,274.0,0.523442265625,0.06704410602304225
17Oct2025,C,31Oct2025,14,255.0,212.94000244140625,0.042,-6.729835514508735,0.40499999999999997,20.0,0.5502974658203126,0.054393278046019164
17Oct2025,C,31Oct2025,14,260.0,212.94000244140625,0.042,-6.710417428651633,0.275,419.0,0.5576216113281252,0.03928962751742511
17Oct2025,C,31Oct2025,14,265.0,212.94000244140625,0.042,-6.691369233680939,0.71,596.0,0.7153348779296875,0.06948212258397128
17Oct2025,C,31Oct2025,14,270.0,212.94000244140625,0.042,-6.672677100668786,0.35000000000000003,34.0,0.6684603466796877,0.041308537189193015
17Oct2025,C,31Oct2025,14,275.0,212.94000244140625,0.042,-6.65432796200059,0.735,1.0,0.8129901513671874,0.06468551131369778
17Oct2025,C,07Nov2025,21,205.0,212.94000244140625,0.042,-6.94925574719542,13.675,1.0,0.5521285021972657,0.6448302378236511
17Oct2025,C,07Nov2025,21,210.0,212.94000244140625,0.042,-6.925158195616359,10.649999999999999,171.0,0.4714408325195312,0.5795944006466562
17Oct2025,C,07Nov2025,21,215.0,212.94000244140625,0.042,-6.901627698206165,8.175,63.0,0.4753470434570312,0.4975120186672555
17Oct2025,C,07Nov2025,21,220.0,212.94000244140625,0.042,-6.878638179981467,6.05,299.0,0.4683891052246094,0.41580543273865794
17Oct2025,C,07Nov2025,21,225.0,212.94000244140625,0.042,-6.856165324129408,4.425000000000001,175.0,0.4669242761230469,0.33932377352118914
17Oct2025,C,07Nov2025,21,230.0,212.94000244140625,0.042,-6.834186417410632,3.275,77.0,0.471684970703125,0.2731695480654496
17Oct2025,C,07Nov2025,21,235.0,212.94000244140625,0.042,-6.812680212189669,2.37,80.0,0.4715629016113281,0.21372147478497205
17Oct2025,C,07Nov2025,21,240.0,212.94000244140625,0.042,-6.7916268029918365,1.745,30.0,0.489384989013672,0.173652131801874
17Oct2025,C,07Nov2025,21,245.0,212.94000244140625,0.042,-6.771007515789101,1.4849999999999999,32.0,0.5467574621582032,0.1622148500520305
17Oct2025,C,07Nov2025,21,250.0,212.94000244140625,0.042,-6.750804808471582,0.8600000000000001,51.0,0.48340360351562506,0.0959520169382731
17Oct2025,C,14Nov2025,28,190.0,212.94000244140625,0.042,-7.026408320840009,26.475,2.0,0.5297898583984376,0.8084336166814399
17Oct2025,C,14Nov2025,28,200.0,212.94000244140625,0.042,-6.975115026452458,17.700000000000003,11.0,0.4985401708984375,0.7076066722603737
17Oct2025,C,14Nov2025,28,205.0,212.94000244140625,0.042,-6.9504224138620865,15.350000000000001,2.0,0.5509688458251953,0.6354907040446057
17Oct2025,C,14Nov2025,28,215.0,212.94000244140625,0.042,-6.902794364872832,9.149999999999999,11.0,0.45026184509277345,0.5043841283813675
17Oct2025,C,14Nov2025,28,220.0,212.94000244140625,0.042,-6.879804846648133,6.9,128.0,0.4386652813720704,0.4281080766059865
17Oct2025,C,14Nov2025,28,225.0,212.94000244140625,0.042,-6.857331990796075,5.2,56.0,0.43744459045410156,0.35661578491673207
17Oct2025,C,14Nov2025,28,230.0,212.94000244140625,0.042,-6.835353084077299,3.8249999999999997,14.0,0.43732252136230465,0.29146429264393237
17Oct2025,C,14Nov2025,28,235.0,212.94000244140625,0.042,-6.813846878856336,2.7350000000000003,34.0,0.43103596313476567,0.22994812826052113
17Oct2025,C,14Nov2025,28,240.0,212.94000244140625,0.042,-6.792793469658504,2.08,18.0,0.4621635815429688,0.19894791844488657
17Oct2025,C,14Nov2025,28,250.0,212.94000244140625,0.042,-6.751971475138248,1.1600000000000001,2.0,0.48254911987304694,0.13358993841298783
17Oct2025,C,14Nov2025,28,260.0,212.94000244140625,0.042,-6.7127507619849665,0.765,20.0,0.523442265625,0.09982637386422771
17Oct2025,C,21Nov2025,35,125.0,212.94000244140625,0.042,-7.44628532236486,87.25,4.0,1.1362347875976564,0.9555627927667554
17Oct2025,C,21Nov2025,35,155.0,212.94000244140625,0.042,-7.2311739427479145,59.099999999999994,1.0,0.6987334814453126,0.9445969062225389
17Oct2025,C,21Nov2025,35,170.0,212.94000244140625,0.042,-7.138800622616899,44.974999999999994,4.0,0.6181678808593751,0.9020404417093753
17Oct2025,C,21Nov2025,35,190.0,212.94000244140625,0.042,-7.027574987506675,26.725,14.0,0.522343643798828,0.7911682783417784
17Oct2025,C,21Nov2025,35,195.0,212.94000244140625,0.042,-7.0015995011034144,22.524999999999995,12.0,0.5340622766113281,0.7386600594905005
17Oct2025,C,21Nov2025,35,200.0,212.94000244140625,0.042,-6.976281693119124,18.375,21.0,0.46851117431640626,0.7027850285615809
17Oct2025,C,21Nov2025,35,205.0,212.94000244140625,0.042,-6.951589080528753,15.45,27.0,0.44812563598632804,0.6451463756893452
17Oct2025,C,21Nov2025,35,210.0,212.94000244140625,0.042,-6.927491528949693,12.375,250.0,0.42816733947753904,0.5798570527497977
17Oct2025,C,21Nov2025,35,215.0,212.94000244140625,0.042,-6.903961031539498,9.825,157.0,0.42438319763183596,0.509212041046265
17Oct2025,C,21Nov2025,35,220.0,212.94000244140625,0.042,-6.8809715133148,7.725,237.0,0.4204159521484375,0.4386030479563034
17Oct2025,C,21Nov2025,35,225.0,212.94000244140625,0.042,-6.858498657462741,6.0,254.0,0.41889008850097653,0.37115453627336964
17Oct2025,C,21Nov2025,35,230.0,212.94000244140625,0.042,-6.836519750743966,4.6,346.0,0.4190731921386719,0.3092548281752254
17Oct2025,C,21Nov2025,35,235.0,212.94000244140625,0.042,-6.815013545523002,3.4749999999999996,249.0,0.4207211248779297,0.25444114170006626
17Oct2025,C,21Nov2025,35,240.0,212.94000244140625,0.042,-6.79396013632517,2.705,303.0,0.424810439453125,0.20810785292551914
17Oct2025,C,21Nov2025,35,245.0,212.94000244140625,0.042,-6.773340849122435,2.025,40.0,0.42383388671875,0.16545433614236088
17Oct2025,C,21Nov2025,35,250.0,212.94000244140625,0.042,-6.753138141804915,1.5600000000000003,818.0,0.4315242395019532,0.13484312066943216
17Oct2025,C,21Nov2025,35,255.0,212.94000244140625,0.042,-6.7333355145087355,1.2200000000000002,58.0,0.4417780432128906,0.11127376125645805
17Oct2025,C,21Nov2025,35,260.0,212.94000244140625,0.042,-6.713917428651634,0.915,53.0,0.44385321777343745,0.08775377610075541
17Oct2025,C,21Nov2025,35,265.0,212.94000244140625,0.042,-6.694869233680939,0.66,11.0,0.44995667236328124,0.07062219716327803
17Oct2025,C,21Nov2025,35,270.0,212.94000244140625,0.042,-6.676177100668786,0.555,71.0,0.48438015625,0.06930872814623759
17Oct2025,C,21Nov2025,35,275.0,212.94000244140625,0.042,-6.65782796200059,0.425,28.0,0.4819387744140625,0.053462320596134566
17Oct2025,C,21Nov2025,35,280.0,212.94000244140625,0.042,-6.639809456497911,0.335,8.0,0.4968312036132813,0.0468277805490209
17Oct2025,C,21Nov2025,35,285.0,212.94000244140625,0.042,-6.6221098793985105,0.255,26.0,0.5034229345703125,0.03869946215538392
17Oct2025,C,21Nov2025,35,290.0,212.94000244140625,0.042,-6.604718136686642,0.26,8.0,0.5432174584960938,0.04198243207783335
17Oct2025,C,21Nov2025,35,300.0,212.94000244140625,0.042,-6.57081658501096,0.16499999999999998,23.0,0.500005,0.017412035188192895
17Oct2025,C,21Nov2025,35,330.0,212.94000244140625,0.042,-6.475506405206636,0.13500000000000004,30.0,0.5996133789062501,0.012389055244840035
17Oct2025,C,28Nov2025,42,210.0,212.94000244140625,0.042,-6.928658195616359,12.25,4.0,0.42377285217285154,0.5801239112279125
17Oct2025,C,28Nov2025,42,215.0,212.94000244140625,0.042,-6.905127698206165,9.774999999999999,3.0,0.40930766479492187,0.5139159548096024
17Oct2025,C,28Nov2025,42,220.0,212.94000244140625,0.042,-6.8821381799814665,7.75,2.0,0.4220638848876953,0.4512606794183491
17Oct2025,C,28Nov2025,42,225.0,212.94000244140625,0.042,-6.859665324129407,6.0,46.0,0.42981527221679694,0.3928893181623423
17Oct2025,C,28Nov2025,42,230.0,212.94000244140625,0.042,-6.837686417410633,4.3,16.0,0.40570662658691403,0.32416890392473374
17Oct2025,C,28Nov2025,42,235.0,212.94000244140625,0.042,-6.816180212189669,3.2,5.0,0.41608249938964836,0.27639118285412667
17Oct2025,C,28Nov2025,42,240.0,212.94000244140625,0.042,-6.795126802991836,2.855,11.0,0.4249325085449219,0.234434630411886
17Oct2025,C,19Dec2025,63,80.0,212.94000244140625,0.042,-7.897239091659946,133.0,2.0,0.8945323046874999,0.9977412604169916
17Oct2025,C,19Dec2025,63,160.0,212.94000244140625,0.042,-7.204091911100001,55.67499999999999,12.0,0.5964395825195312,0.9043390943998391
17Oct2025,C,19Dec2025,63,180.0,212.94000244140625,0.042,-7.086308875443618,36.8,2.0,0.5001881036376954,0.8283063854961539
17Oct2025,C,19Dec2025,63,190.0,212.94000244140625,0.042,-7.032241654173341,28.7,2.0,0.4473321868896484,0.7719448080412539
17Oct2025,C,19Dec2025,63,195.0,212.94000244140625,0.042,-7.006266167770081,25.15,25.0,0.4832204998779297,0.7173153994287699
17Oct2025,C,19Dec2025,63,200.0,212.94000244140625,0.042,-6.980948359785791,20.25,10.0,0.4315242395019532,0.6843049974120982
17Oct2025,C,19Dec2025,63,205.0,212.94000244140625,0.042,-6.95625574719542,18.225,16.0,0.45050598327636715,0.6313182185425746
17Oct2025,C,19Dec2025,63,210.0,212.94000244140625,0.042,-6.932158195616359,14.975000000000001,63.0,0.4039366247558594,0.5831473652741721
17Oct2025,C,19Dec2025,63,215.0,212.94000244140625,0.042,-6.908627698206165,12.75,185.0,0.39563592651367196,0.5269938881148316
17Oct2025,C,19Dec2025,63,220.0,212.94000244140625,0.042,-6.885638179981466,10.524999999999999,321.0,0.39227902648925783,0.47043832471763614
17Oct2025,C,19Dec2025,63,225.0,212.94000244140625,0.042,-6.863165324129408,8.55,98.0,0.3881897119140625,0.41449311725834204
17Oct2025,C,19Dec2025,63,230.0,212.94000244140625,0.042,-6.841186417410633,6.925,38.0,0.3852600537109374,0.36085119273886834
17Oct2025,C,19Dec2025,63,235.0,212.94000244140625,0.042,-6.819680212189669,5.6,27.0,0.38587039916992183,0.31223674009867175
17Oct2025,C,19Dec2025,63,240.0,212.94000244140625,0.042,-6.798626802991837,4.5,57.0,0.38623660644531244,0.2675935461081651
17Oct2025,C,19Dec2025,63,245.0,212.94000244140625,0.042,-6.778007515789101,3.525,17.0,0.3813538427734374,0.22355798912212105
17Oct2025,C,19Dec2025,63,250.0,212.94000244140625,0.042,-6.757804808471581,2.8449999999999998,147.0,0.3850159155273437,0.19002942852551974
17Oct2025,C,19Dec2025,63,255.0,212.94000244140625,0.042,-6.738002181175402,2.27,8.0,0.3885559191894531,0.16084313004345746
17Oct2025,C,19Dec2025,63,260.0,212.94000244140625,0.042,-6.7185840953183,1.8499999999999999,288.0,0.3949645465087891,0.1377209424402006
17Oct2025,C,19Dec2025,63,265.0,212.94000244140625,0.042,-6.699535900347605,1.33,281.0,0.4018614501953125,0.11837500076722485
17Oct2025,C,19Dec2025,63,270.0,212.94000244140625,0.042,-6.680843767335453,1.345,6.0,0.424810439453125,0.11201770827420271
17Oct2025,C,19Dec2025,63,275.0,212.94000244140625,0.042,-6.662494628667257,1.065,11.0,0.42456630126953127,0.09330151868019926
17Oct2025,C,19Dec2025,63,280.0,212.94000244140625,0.042,-6.644476123164578,0.8999999999999999,30.0,0.4348201049804688,0.08301327327327213
17Oct2025,C,19Dec2025,63,285.0,212.94000244140625,0.042,-6.6267765460651775,0.71,16.0,0.42896078857421877,0.0660629182380834
17Oct2025,C,19Dec2025,63,300.0,212.94000244140625,0.042,-6.5754832516776265,0.305,3.0,0.4387263159179688,0.0400889190525072
17Oct2025,C,19Dec2025,63,350.0,212.94000244140625,0.042,-6.421332571850368,0.13,5.0,0.5346726220703125,0.018158705587367343
17Oct2025,C,19Dec2025,63,380.0,212.94000244140625,0.042,-6.339094473613397,0.095,14.0,0.5419967675781252,0.0076065976626624385
17Oct2025,C,16Jan2026,91,115.0,212.94000244140625,0.042,-7.539000264637244,99.45,2.0,0.790041162109375,0.9629127537983482
17Oct2025,C,16Jan2026,91,120.0,212.94000244140625,0.042,-7.496440650218449,96.05000000000001,5.0,0.8846447082519531,0.9385787460831887
17Oct2025,C,16Jan2026,91,125.0,212.94000244140625,0.042,-7.455618655698194,89.675,4.0,0.7202176416015625,0.9545072516850162
17Oct2025,C,16Jan2026,91,130.0,212.94000244140625,0.042,-7.416397942544912,86.22499999999998,3.0,0.7952901330566406,0.9288961136399295
17Oct2025,C,16Jan2026,91,140.0,212.94000244140625,0.042,-7.34228997039119,75.75,2.0,0.6694368994140626,0.9268984141261466
17Oct2025,C,16Jan2026,91,150.0,212.94000244140625,0.042,-7.273297098904239,66.125,1.0,0.6038857971191409,0.9110882029049858
17Oct2025,C,16Jan2026,91,180.0,212.94000244140625,0.042,-7.090975542110284,38.9,36.0,0.4840749835205078,0.8049557744760769
17Oct2025,C,16Jan2026,91,185.0,212.94000244140625,0.042,-7.06357656792217,34.6,1.0,0.48694360717773444,0.7712994206647725
17Oct2025,C,16Jan2026,91,195.0,212.94000244140625,0.042,-7.010932834436748,27.325000000000003,1.0,0.43781079772949216,0.7121936370970425
17Oct2025,C,16Jan2026,91,200.0,212.94000244140625,0.042,-6.985615026452458,24.175,36.0,0.4383295913696289,0.6713785122203809
17Oct2025,C,16Jan2026,91,205.0,212.94000244140625,0.042,-6.960922413862087,20.625,26.0,0.4048216256713867,0.6333982543647515
17Oct2025,C,16Jan2026,91,210.0,212.94000244140625,0.042,-6.936824862283026,17.6,222.0,0.3929504064941406,0.5879716389896685
17Oct2025,C,16Jan2026,91,215.0,212.94000244140625,0.042,-6.913294364872832,15.125,39.0,0.38532108825683586,0.5400593290675496
17Oct2025,C,16Jan2026,91,220.0,212.94000244140625,0.042,-6.8903048466481325,12.850000000000001,110.0,0.3815369464111328,0.4916254082223947
17Oct2025,C,16Jan2026,91,225.0,212.94000244140625,0.042,-6.867831990796074,10.875,305.0,0.3794007373046875,0.44401041593212426
17Oct2025,C,16Jan2026,91,230.0,212.94000244140625,0.042,-6.845853084077299,9.125,477.0,0.37665418273925777,0.3974016492649051
17Oct2025,C,16Jan2026,91,235.0,212.94000244140625,0.042,-6.8243468788563355,7.625,37.0,0.37366348999023435,0.3523709290147815
17Oct2025,C,16Jan2026,91,240.0,212.94000244140625,0.042,-6.803293469658503,6.325,162.0,0.37201555725097657,0.31038070988167155
17Oct2025,C,16Jan2026,91,245.0,212.94000244140625,0.042,-6.782674182455768,5.225,24.0,0.3709779699707031,0.27159754517286216
17Oct2025,C,16Jan2026,91,250.0,212.94000244140625,0.042,-6.762471475138248,4.35,82.0,0.37293107543945314,0.23813147406672347
17Oct2025,C,16Jan2026,91,255.0,212.94000244140625,0.042,-6.742668847842069,3.5999999999999996,25.0,0.37390762817382805,0.20723675849942608
17Oct2025,C,16Jan2026,91,260.0,212.94000244140625,0.042,-6.723250761984967,3.0549999999999997,132.0,0.383795224609375,0.18633631642598342
17Oct2025,C,16Jan2026,91,265.0,212.94000244140625,0.042,-6.704202567014272,2.52,29.0,0.38019418640136715,0.15815524050402646
17Oct2025,C,16Jan2026,91,270.0,212.94000244140625,0.042,-6.685510434002119,2.085,445.0,0.3903259210205078,0.14299201183228294
17Oct2025,C,16Jan2026,91,290.0,212.94000244140625,0.042,-6.614051470019975,0.96,10.0,0.40735455932617193,0.08606822454952101
17Oct2025,C,16Jan2026,91,300.0,212.94000244140625,0.042,-6.5801499183442935,0.74,49.0,0.39465937377929694,0.05616919729176094
17Oct2025,C,16Jan2026,91,320.0,212.94000244140625,0.042,-6.515611397206722,0.53,1.0,0.442388388671875,0.0458888714772412
17Oct2025,C,16Jan2026,91,350.0,212.94000244140625,0.042,-6.4259992385170355,0.215,24.0,0.4738822143554688,0.026338581306674425
17Oct2025,C,16Jan2026,91,390.0,212.94000244140625,0.042,-6.317785653876802,0.09500000000000001,107.0,0.47461462890625,0.008405059507671236
17Oct2025,C,20Feb2026,126,115.0,212.94000244140625,0.042,-7.544833597970578,100.325,2.0,0.7443873217773438,0.9515893915361553
17Oct2025,C,20Feb2026,126,130.0,212.94000244140625,0.042,-7.422231275878246,84.85,2.0,0.5865519860839843,0.9501499389914121
17Oct2025,C,20Feb2026,126,165.0,212.94000244140625,0.042,-7.1838202524332475,52.075,2.0,0.5098315618896485,0.8530666084505503
17Oct2025,C,20Feb2026,126,175.0,212.94000244140625,0.042,-7.124979752410314,45.29999999999999,3.0,0.5021412091064454,0.8055901708333084
17Oct2025,C,20Feb2026,126,180.0,212.94000244140625,0.042,-7.096808875443617,40.825,2.0,0.4774222180175781,0.7855425826813196
17Oct2025,C,20Feb2026,126,185.0,212.94000244140625,0.042,-7.069409901255503,36.575,5.0,0.45001770690917964,0.7639311682527068
17Oct2025,C,20Feb2026,126,190.0,212.94000244140625,0.042,-7.042741654173342,33.5,9.0,0.43671217590332034,0.7353386608941982
17Oct2025,C,20Feb2026,126,205.0,212.94000244140625,0.042,-6.966755747195419,23.75,2.0,0.4094297338867187,0.6325136411403118
17Oct2025,C,20Feb2026,126,210.0,212.94000244140625,0.042,-6.942658195616359,20.800000000000004,13.0,0.3956969610595704,0.5942174674682336
17Oct2025,C,20Feb2026,126,215.0,212.94000244140625,0.042,-6.919127698206165,18.25,20.0,0.3913940255737304,0.5541535180378738
17Oct2025,C,20Feb2026,126,220.0,212.94000244140625,0.042,-6.896138179981467,16.0,70.0,0.38718264190673823,0.5135998991802962
17Oct2025,C,20Feb2026,126,225.0,212.94000244140625,0.042,-6.873665324129408,13.875,30.0,0.3820862573242187,0.4726665313836937
17Oct2025,C,20Feb2026,126,230.0,212.94000244140625,0.042,-6.851686417410632,12.025,45.0,0.38019418640136715,0.4331277502130221
17Oct2025,C,20Feb2026,126,235.0,212.94000244140625,0.042,-6.830180212189669,10.325,17.0,0.37555556091308595,0.39330915021035096
17Oct2025,C,20Feb2026,126,240.0,212.94000244140625,0.042,-6.809126802991837,8.850000000000001,17.0,0.3736024554443359,0.35599587429881097
17Oct2025,C,20Feb2026,126,250.0,212.94000244140625,0.042,-6.768304808471582,5.875,10.0,0.3752809054565429,0.29058150157060647
17Oct2025,C,20Feb2026,126,255.0,212.94000244140625,0.042,-6.748502181175402,5.175000000000001,34.0,0.3685060708618164,0.2554914249449543
17Oct2025,C,20Feb2026,126,260.0,212.94000244140625,0.042,-6.7290840953183,4.175,5.0,0.368719691772461,0.22770220276790287
17Oct2025,C,20Feb2026,126,270.0,212.94000244140625,0.042,-6.691343767335453,3.7,22.0,0.3914245428466796,0.196472535628141
17Oct2025,C,20Feb2026,126,275.0,212.94000244140625,0.042,-6.672994628667257,3.2000000000000006,6.0,0.39417109741210943,0.17723380436201402
17Oct2025,C,20Feb2026,126,295.0,212.94000244140625,0.042,-6.6027903699940085,1.6299999999999997,5.0,0.38892212646484375,0.10587114141714615
17Oct2025,C,20Mar2026,154,150.0,212.94000244140625,0.042,-7.283797098904238,67.8,2.0,0.5297288238525393,0.8928485279929624
17Oct2025,C,20Mar2026,154,175.0,212.94000244140625,0.042,-7.12964641907698,46.45,4.0,0.4961598236083985,0.7953101634103965
17Oct2025,C,20Mar2026,154,180.0,212.94000244140625,0.042,-7.101475542110284,42.75,5.0,0.4646049633789063,0.778303671062379
17Oct2025,C,20Mar2026,154,185.0,212.94000244140625,0.042,-7.0740765679221695,39.125,1.0,0.47137979797363283,0.7486810159684386
17Oct2025,C,20Mar2026,154,190.0,212.94000244140625,0.042,-7.047408320840009,35.025000000000006,2.0,0.42664147583007817,0.7303339455615121
17Oct2025,C,20Mar2026,154,195.0,212.94000244140625,0.042,-7.021432834436748,31.725,2.0,0.4205990557861329,0.6997251694366726
17Oct2025,C,20Mar2026,154,200.0,212.94000244140625,0.042,-6.996115026452458,28.600000000000005,6.0,0.41629612030029295,0.6673415263745702
17Oct2025,C,20Mar2026,154,205.0,212.94000244140625,0.042,-6.971422413862086,25.775,7.0,0.4125730130004882,0.6337935674901062
17Oct2025,C,20Mar2026,154,210.0,212.94000244140625,0.042,-6.9473248622830255,22.775,8.0,0.41309180664062495,0.5994862535185115
17Oct2025,C,20Mar2026,154,215.0,212.94000244140625,0.042,-6.9237943648728315,19.9,14.0,0.40027455200195317,0.5640031033345554
17Oct2025,C,20Mar2026,154,220.0,212.94000244140625,0.042,-6.900804846648133,18.125,163.0,0.4026854165649414,0.5294275557154579
17Oct2025,C,20Mar2026,154,225.0,212.94000244140625,0.042,-6.878331990796075,15.7,14.0,0.38101815277099604,0.489131214432172
17Oct2025,C,20Mar2026,154,230.0,212.94000244140625,0.042,-6.856353084077299,13.85,30.0,0.379889013671875,0.4533770514537321
17Oct2025,C,20Mar2026,154,235.0,212.94000244140625,0.042,-6.834846878856336,12.225,16.0,0.38138436004638665,0.4197557057826162
17Oct2025,C,20Mar2026,154,240.0,212.94000244140625,0.042,-6.813793469658504,10.399999999999999,68.0,0.36832296722412117,0.3796751650069293
17Oct2025,C,20Mar2026,154,245.0,212.94000244140625,0.042,-6.793174182455767,8.825,56.0,0.3635927899169922,0.3443139319540127
17Oct2025,C,20Mar2026,154,250.0,212.94000244140625,0.042,-6.772971475138248,7.924999999999999,71.0,0.3683534844970704,0.31671553977611233
17Oct2025,C,20Mar2026,154,255.0,212.94000244140625,0.042,-6.753168847842068,6.525,35.0,0.360785200805664,0.28218069619306746
17Oct2025,C,20Mar2026,154,260.0,212.94000244140625,0.042,-6.733750761984967,5.175000000000001,29.0,0.3591372680664062,0.2535586130718773
17Oct2025,C,20Mar2026,154,265.0,212.94000244140625,0.042,-6.714702567014272,4.475,27.0,0.3597476135253906,0.22864173197269566
17Oct2025,C,20Mar2026,154,270.0,212.94000244140625,0.042,-6.69601043400212,4.425,38.0,0.36200589172363284,0.20704389617612523
17Oct2025,C,20Mar2026,154,275.0,212.94000244140625,0.042,-6.677661295333923,3.8,7.0,0.36072416625976556,0.18438789954739387
17Oct2025,C,20Mar2026,154,280.0,212.94000244140625,0.042,-6.659642789831245,3.35,33.0,0.36322658264160157,0.16669009914719013
17Oct2025,C,20Mar2026,154,285.0,212.94000244140625,0.042,-6.641943212731844,3.04,1.0,0.3786683227539062,0.1610833530207459
17Oct2025,C,20Mar2026,154,320.0,212.94000244140625,0.042,-6.526111397206722,1.435,15.0,0.411688012084961,0.09288778114531054
17Oct2025,C,20Mar2026,154,330.0,212.94000244140625,0.042,-6.495339738539969,1.365,15.0,0.43140217041015627,0.08691277258634678
17Oct2025,C,15May2026,210,110.0,212.94000244140625,0.042,-7.6032853605414115,107.04999999999998,42.0,0.7036772796630859,0.9393905427607271
17Oct2025,C,15May2026,210,120.0,212.94000244140625,0.042,-7.516273983551782,97.225,36.0,0.634891346435547,0.9308153841033054
17Oct2025,C,15May2026,210,135.0,212.94000244140625,0.042,-7.398490947895398,83.82499999999999,20.0,0.5871012969970704,0.9032516287955439
17Oct2025,C,15May2026,210,145.0,212.94000244140625,0.042,-7.327031983913254,73.7,28.0,0.5139208764648437,0.8930085021076161
17Oct2025,C,15May2026,210,150.0,212.94000244140625,0.042,-7.2931304322375725,69.425,2.0,0.5022022436523439,0.8797414123796976
17Oct2025,C,15May2026,210,155.0,212.94000244140625,0.042,-7.260340609414581,65.125,22.0,0.5190477783203125,0.8565367080261537
17Oct2025,C,15May2026,210,160.0,212.94000244140625,0.042,-7.2285919111000005,61.25,12.0,0.5029956927490236,0.842138896954603
17Oct2025,C,15May2026,210,165.0,212.94000244140625,0.042,-7.197820252433247,56.475,12.0,0.48694360717773444,0.8265635335251718
17Oct2025,C,15May2026,210,170.0,212.94000244140625,0.042,-7.167967289283566,53.4,2.0,0.49860120544433595,0.8019153236676648
17Oct2025,C,15May2026,210,175.0,212.94000244140625,0.042,-7.138979752410314,49.42499999999999,12.0,0.478948081665039,0.7847376042879675
17Oct2025,C,15May2026,210,180.0,212.94000244140625,0.042,-7.110808875443618,45.900000000000006,2.0,0.4747061807250976,0.7623459322502619
17Oct2025,C,15May2026,210,195.0,212.94000244140625,0.042,-7.030766167770081,35.4,10.0,0.42340664489746094,0.6949258660560135
17Oct2025,C,15May2026,210,210.0,212.94000244140625,0.042,-6.95665819561636,27.025000000000002,43.0,0.4128476684570312,0.6095466186504893
17Oct2025,C,15May2026,210,215.0,212.94000244140625,0.042,-6.933127698206166,24.7,10.0,0.4144650839233398,0.5805999898506786
17Oct2025,C,15May2026,210,220.0,212.94000244140625,0.042,-6.910138179981466,22.549999999999997,21.0,0.41223732299804683,0.5514443276094633
17Oct2025,C,15May2026,210,235.0,212.94000244140625,0.042,-6.844180212189669,16.35,3.0,0.3996642065429688,0.4626012564480786
17Oct2025,C,15May2026,210,240.0,212.94000244140625,0.042,-6.823126802991837,14.575,4.0,0.39279782012939457,0.4319388768017559
17Oct2025,C,15May2026,210,250.0,212.94000244140625,0.042,-6.782304808471581,11.774999999999999,11.0,0.38907471282958983,0.3766685155341432
17Oct2025,C,15May2026,210,270.0,212.94000244140625,0.042,-6.705343767335453,7.125,1.0,0.3795228063964844,0.27531002625293066
17Oct2025,C,15May2026,210,300.0,212.94000244140625,0.042,-6.599983251677627,3.875,3.0,0.39014281738281253,0.1765293189835364
17Oct2025,C,18Jun2026,244,105.0,212.94000244140625,0.042,-7.6554720428429714,111.85,10.0,0.6809724285888674,0.9450587789624592
17Oct2025,C,18Jun2026,244,115.0,212.94000244140625,0.042,-7.564500264637244,102.0,12.0,0.6141396008300781,0.9374742910153342
17Oct2025,C,18Jun2026,244,120.0,212.94000244140625,0.042,-7.521940650218449,98.025,22.0,0.6199378826904298,0.9251112619832268
17Oct2025,C,18Jun2026,244,125.0,212.94000244140625,0.042,-7.481118655698193,94.02500000000002,12.0,0.6198768481445314,0.9130635968876102
17Oct2025,C,18Jun2026,244,135.0,212.94000244140625,0.042,-7.404157614562065,84.425,16.0,0.5629926513671876,0.8999402564968491
17Oct2025,C,18Jun2026,244,140.0,212.94000244140625,0.042,-7.36778997039119,79.82499999999999,20.0,0.5411422839355471,0.8911228382814582
17Oct2025,C,18Jun2026,244,150.0,212.94000244140625,0.042,-7.298797098904239,71.05000000000001,22.0,0.507817421875,0.8684501908827404
17Oct2025,C,18Jun2026,244,155.0,212.94000244140625,0.042,-7.266007276081248,65.9,12.0,0.5049487982177734,0.8516828164132155
17Oct2025,C,18Jun2026,244,160.0,212.94000244140625,0.042,-7.234258577766668,62.475,20.0,0.518986743774414,0.8294387435499946
17Oct2025,C,18Jun2026,244,165.0,212.94000244140625,0.042,-7.203486919099913,58.82500000000001,12.0,0.5023243127441408,0.8145405747267704
17Oct2025,C,18Jun2026,244,170.0,212.94000244140625,0.042,-7.1736339559502325,54.5,31.0,0.49158223266601564,0.7970560824549198
17Oct2025,C,18Jun2026,244,175.0,212.94000244140625,0.042,-7.144646419076981,50.675,32.0,0.4562737478637696,0.784587725204689
17Oct2025,C,18Jun2026,244,180.0,212.94000244140625,0.042,-7.116475542110284,47.599999999999994,12.0,0.46854169158935544,0.7591332831979598
17Oct2025,C,18Jun2026,244,185.0,212.94000244140625,0.042,-7.08907656792217,44.17499999999999,12.0,0.4587456469726563,0.7380666482301518
17Oct2025,C,18Jun2026,244,190.0,212.94000244140625,0.042,-7.062408320840008,40.25,20.0,0.4302730313110352,0.7189480885143124
17Oct2025,C,18Jun2026,244,200.0,212.94000244140625,0.042,-7.011115026452458,33.75,102.0,0.44565373687744136,0.6668744443363126
17Oct2025,C,18Jun2026,244,205.0,212.94000244140625,0.042,-6.986422413862086,31.200000000000003,1.0,0.40906352661132805,0.6423674532613054
17Oct2025,C,18Jun2026,244,210.0,212.94000244140625,0.042,-6.962324862283026,28.049999999999997,8.0,0.4042112802124024,0.6149588567256058
17Oct2025,C,18Jun2026,244,215.0,212.94000244140625,0.042,-6.938794364872832,26.675,6.0,0.42221647125244144,0.5894180693412265
17Oct2025,C,18Jun2026,244,220.0,212.94000244140625,0.042,-6.915804846648133,23.675,40.0,0.3953002365112305,0.5586524122106556
17Oct2025,C,18Jun2026,244,225.0,212.94000244140625,0.042,-6.893331990796074,21.6,19.0,0.39264523376464844,0.5304381325537625
17Oct2025,C,18Jun2026,244,230.0,212.94000244140625,0.042,-6.871353084077299,19.15,5.0,0.3895324719238281,0.502160673682883
17Oct2025,C,18Jun2026,244,235.0,212.94000244140625,0.042,-6.849846878856336,17.75,3.0,0.40277696838378907,0.480293548509113
17Oct2025,C,18Jun2026,244,240.0,212.94000244140625,0.042,-6.828793469658503,16.125,7.0,0.3880066082763671,0.4482956015731466
17Oct2025,C,18Jun2026,244,250.0,212.94000244140625,0.042,-6.7879714751382485,13.05,20.0,0.38556522644042956,0.3965498831080756
17Oct2025,C,18Jun2026,244,260.0,212.94000244140625,0.042,-6.748750761984967,10.925,7.0,0.37875987457275384,0.3448494578502487
17Oct2025,C,18Jun2026,244,270.0,212.94000244140625,0.042,-6.7110104340021195,8.625,7.0,0.3795228063964844,0.3017193274963125
17Oct2025,C,18Jun2026,244,290.0,212.94000244140625,0.042,-6.639551470019975,5.55,2.0,0.3775391836547851,0.2250300693497787
17Oct2025,C,18Jun2026,244,300.0,212.94000244140625,0.042,-6.605649918344294,4.574999999999999,12.0,0.37592176818847656,0.19209847512483835
17Oct2025,C,18Jun2026,244,350.0,212.94000244140625,0.042,-6.4514992385170356,1.8650000000000002,146.0,0.3820862573242187,0.08937855703897424
17Oct2025,C,21Aug2026,308,155.0,212.94000244140625,0.042,-7.276673942747915,68.925,30.0,0.5286302020263673,0.8339238361282935
17Oct2025,C,21Aug2026,308,160.0,212.94000244140625,0.042,-7.244925244433334,64.525,30.0,0.5211534701538084,0.8187114228921981
17Oct2025,C,21Aug2026,308,165.0,212.94000244140625,0.042,-7.214153585766581,60.3,46.0,0.4719596261596679,0.8124186179590049
17Oct2025,C,21Aug2026,308,175.0,212.94000244140625,0.042,-7.155313085743647,53.275,38.0,0.45252012329101565,0.7779091540600925
17Oct2025,C,21Aug2026,308,180.0,212.94000244140625,0.042,-7.127142208776951,50.375,20.0,0.4572808178710938,0.7563067469870909
17Oct2025,C,21Aug2026,308,190.0,212.94000244140625,0.042,-7.073074987506675,44.225,5.0,0.45441219421386714,0.7145364922714423
17Oct2025,C,21Aug2026,308,195.0,212.94000244140625,0.042,-7.047099501103414,41.150000000000006,2.0,0.44693546234130854,0.6935619650706337
17Oct2025,C,21Aug2026,308,200.0,212.94000244140625,0.042,-7.021781693119125,37.575,52.0,0.4176388803100586,0.6727850695977758
17Oct2025,C,21Aug2026,308,210.0,212.94000244140625,0.042,-6.972991528949692,31.9,20.0,0.418752760772705,0.6257473866060078
17Oct2025,C,21Aug2026,308,220.0,212.94000244140625,0.042,-6.9264715133148,27.200000000000003,1.0,0.39929799926757814,0.575775470672744
17Oct2025,C,21Aug2026,308,235.0,212.94000244140625,0.042,-6.860513545523002,21.225,2.0,0.3886932469177246,0.5006820076716809
17Oct2025,C,21Aug2026,308,265.0,212.94000244140625,0.042,-6.740369233680939,12.625,4.0,0.38861695373535154,0.36884554614931137
17Oct2025,C,18Sep2026,336,100.0,212.94000244140625,0.042,-7.719595540345736,117.92500000000001,554.0,0.6571079211425781,0.9424203506616247
17Oct2025,C,18Sep2026,336,105.0,212.94000244140625,0.042,-7.670805376176305,114.55,6.0,0.6785310467529297,0.929349857904409
17Oct2025,C,18Sep2026,336,110.0,212.94000244140625,0.042,-7.624285360541411,108.6,20.0,0.6111489080810548,0.9313071902998815
17Oct2025,C,18Sep2026,336,115.0,212.94000244140625,0.042,-7.579833597970578,104.675,20.0,0.6114540808105471,0.9206382801856816
17Oct2025,C,18Sep2026,336,125.0,212.94000244140625,0.042,-7.496451989031526,95.05,4.0,0.5566450585937501,0.9093642859775566
17Oct2025,C,18Sep2026,336,160.0,212.94000244140625,0.042,-7.249591911100001,66.8,2.0,0.5265855447387696,0.8145779442774306
17Oct2025,C,18Sep2026,336,170.0,212.94000244140625,0.042,-7.188967289283566,58.65,22.0,0.4800161862182617,0.78907894645218
17Oct2025,C,18Sep2026,336,195.0,212.94000244140625,0.042,-7.051766167770081,41.975,4.0,0.44125924957275386,0.6952857447545924
17Oct2025,C,18Sep2026,336,205.0,212.94000244140625,0.042,-7.0017557471954195,36.625,58.0,0.43677321044921874,0.652645149880723
17Oct2025,C,18Sep2026,336,210.0,212.94000244140625,0.042,-6.9776581956163595,34.45,2.0,0.43243975769042964,0.6308654646413869
17Oct2025,C,18Sep2026,336,220.0,212.94000244140625,0.042,-6.931138179981466,29.0,8.0,0.4137631866455078,0.5846182614680997
17Oct2025,C,18Sep2026,336,225.0,212.94000244140625,0.042,-6.908665324129408,26.875,1.0,0.4192257785034179,0.5636671855163287
17Oct2025,C,18Sep2026,336,245.0,212.94000244140625,0.042,-6.8235075157891005,19.075,2.0,0.3995116201782227,0.4707589379671364
17Oct2025,C,18Sep2026,336,255.0,212.94000244140625,0.042,-6.783502181175401,16.25,20.0,0.3848785877990722,0.42121211234367417
17Oct2025,C,18Sep2026,336,260.0,212.94000244140625,0.042,-6.7640840953183,14.975000000000001,3.0,0.38959350646972657,0.403677487039004
17Oct2025,C,18Sep2026,336,280.0,212.94000244140625,0.042,-6.689976123164579,10.45,2.0,0.3776459941101074,0.31998944548978536
17Oct2025,C,18Sep2026,336,340.0,212.94000244140625,0.042,-6.4958201087236205,4.35,9.0,0.3877624700927734,0.16656829416722796
17Oct2025,P,31Oct2025,14,160.0,212.94000244140625,0.042,-7.195925244433334,0.175,1.0,0.729494892578125,-0.018607733449459762
17Oct2025,P,31Oct2025,14,170.0,212.94000244140625,0.042,-7.135300622616899,0.275,1.0,0.63867548828125,-0.03033292681073485
17Oct2025,P,31Oct2025,14,175.0,212.94000244140625,0.042,-7.106313085743647,0.3,2.0,0.5776409423828125,-0.03551247413935765
17Oct2025,P,31Oct2025,14,180.0,212.94000244140625,0.042,-7.078142208776951,0.595,146.0,0.5835002587890624,-0.06155901085434645
17Oct2025,P,31Oct2025,14,185.0,212.94000244140625,0.042,-7.050743234588836,0.865,29.0,0.5554243676757813,-0.08656149662171386
17Oct2025,P,31Oct2025,14,190.0,212.94000244140625,0.042,-7.024074987506675,1.25,62.0,0.5268602001953125,-0.12061993371446178
17Oct2025,P,31Oct2025,14,195.0,212.94000244140625,0.042,-6.998099501103415,1.865,127.0,0.5048877636718749,-0.16958614413179562
17Oct2025,P,31Oct2025,14,200.0,212.94000244140625,0.042,-6.972781693119124,2.8400000000000003,95.0,0.5158739819335938,-0.24604610416581352
17Oct2025,P,31Oct2025,14,205.0,212.94000244140625,0.042,-6.948089080528753,4.5,193.0,0.5191698474121094,-0.329817873775183
17Oct2025,P,31Oct2025,14,210.0,212.94000244140625,0.042,-6.923991528949693,6.525,296.0,0.5144091528320311,-0.4190347812801717
17Oct2025,P,31Oct2025,14,215.0,212.94000244140625,0.042,-6.900461031539498,8.975,153.0,0.5079394909667969,-0.5123042714495343
17Oct2025,P,31Oct2025,14,220.0,212.94000244140625,0.042,-6.8774715133147994,12.175,60.0,0.5012256909179689,-0.6051806174765318
17Oct2025,P,31Oct2025,14,225.0,212.94000244140625,0.042,-6.854998657462741,14.6,15.0,0.4903615417480469,-0.6945699679189746
17Oct2025,P,31Oct2025,14,235.0,212.94000244140625,0.042,-6.8115135455230025,24.375,5.0,0.5675092077636719,-0.7929892570449535
17Oct2025,P,07Nov2025,21,160.0,212.94000244140625,0.042,-7.197091911100001,0.5650000000000001,1.0,0.7182645361328125,-0.039266721132928395
17Oct2025,P,07Nov2025,21,175.0,212.94000244140625,0.042,-7.107479752410314,0.535,2.0,0.5210008837890624,-0.049266442296241886
17Oct2025,P,07Nov2025,21,180.0,212.94000244140625,0.042,-7.079308875443617,0.7250000000000001,4.0,0.5456588403320313,-0.08567178215042459
17Oct2025,P,07Nov2025,21,185.0,212.94000244140625,0.042,-7.051909901255503,1.0,63.0,0.5219774365234374,-0.11404111198743838
17Oct2025,P,07Nov2025,21,190.0,212.94000244140625,0.042,-7.025241654173342,1.5899999999999999,41.0,0.485356708984375,-0.14501185108362447
17Oct2025,P,07Nov2025,21,195.0,212.94000244140625,0.042,-6.999266167770081,2.625,19.0,0.47986359985351557,-0.1995633702262729
17Oct2025,P,07Nov2025,21,200.0,212.94000244140625,0.042,-6.973948359785791,3.75,30.0,0.46582565429687506,-0.2615466636634983
17Oct2025,P,07Nov2025,21,205.0,212.94000244140625,0.042,-6.94925574719542,5.375,71.0,0.46252978881835943,-0.33732575357725614
17Oct2025,P,07Nov2025,21,210.0,212.94000244140625,0.042,-6.925158195616359,7.324999999999999,82.0,0.45313046875,-0.4189846937300018
17Oct2025,P,07Nov2025,21,215.0,212.94000244140625,0.042,-6.901627698206165,9.325,22.0,0.44977356872558594,-0.5051460534742855
17Oct2025,P,07Nov2025,21,220.0,212.94000244140625,0.042,-6.878638179981467,12.725,11.0,0.4445856323242187,-0.5909087167630649
17Oct2025,P,07Nov2025,21,225.0,212.94000244140625,0.042,-6.856165324129408,16.175,4.0,0.5105029418945313,-0.6439120768016936
17Oct2025,P,07Nov2025,21,230.0,212.94000244140625,0.042,-6.834186417410632,20.025,22.0,0.534184345703125,-0.6979662102816988
17Oct2025,P,07Nov2025,21,240.0,212.94000244140625,0.042,-6.7916268029918365,27.399999999999995,6.0,0.4606987524414063,-0.8426589874991539
17Oct2025,P,14Nov2025,28,180.0,212.94000244140625,0.042,-7.0804755421102845,0.965,4544.0,0.49121602539062503,-0.09226708665284922
17Oct2025,P,14Nov2025,28,185.0,212.94000244140625,0.042,-7.05307656792217,1.65,5.0,0.4950001672363281,-0.13178848384406816
17Oct2025,P,14Nov2025,28,190.0,212.94000244140625,0.042,-7.026408320840009,2.005,20.0,0.4646049633789063,-0.16473538773563057
17Oct2025,P,14Nov2025,28,195.0,212.94000244140625,0.042,-7.000432834436748,3.15,8.0,0.4414118359375,-0.20972899274632906
17Oct2025,P,14Nov2025,28,200.0,212.94000244140625,0.042,-6.975115026452458,4.35,29.0,0.4348201049804688,-0.2717473109593104
17Oct2025,P,14Nov2025,28,205.0,212.94000244140625,0.042,-6.9504224138620865,5.975,19.0,0.42847251220703125,-0.34211592860679363
17Oct2025,P,14Nov2025,28,210.0,212.94000244140625,0.042,-6.926324862283026,7.9750000000000005,187.0,0.4185849157714844,-0.41852129133309035
17Oct2025,P,14Nov2025,28,215.0,212.94000244140625,0.042,-6.902794364872832,10.375,167.0,0.41528905029296875,-0.49927360751749505
17Oct2025,P,14Nov2025,28,220.0,212.94000244140625,0.042,-6.879804846648133,13.274999999999999,24.0,0.411688012084961,-0.5795658358721174
17Oct2025,P,14Nov2025,28,225.0,212.94000244140625,0.042,-6.857331990796075,15.95,7.0,0.4039366247558594,-0.6582428024122798
17Oct2025,P,14Nov2025,28,235.0,212.94000244140625,0.042,-6.813846878856336,24.075000000000003,4.0,0.4908498181152344,-0.7367655314303743
17Oct2025,P,21Nov2025,35,110.0,212.94000244140625,0.042,-7.574118693874745,0.19,235.0,0.96289099609375,-0.008706517024115401
17Oct2025,P,21Nov2025,35,115.0,212.94000244140625,0.042,-7.529666931303911,0.455,241.0,1.0283251708984378,-0.01757687415753517
17Oct2025,P,21Nov2025,35,140.0,212.94000244140625,0.042,-7.3329566370578565,0.23,2.0,0.6577182666015625,-0.014604153199184733
17Oct2025,P,21Nov2025,35,150.0,212.94000244140625,0.042,-7.263963765570906,0.32,61.0,0.5918009570312501,-0.02140663121135411
17Oct2025,P,21Nov2025,35,165.0,212.94000244140625,0.042,-7.16865358576658,0.5,2.0,0.523442265625,-0.046528093036980134
17Oct2025,P,21Nov2025,35,175.0,212.94000244140625,0.042,-7.109813085743647,0.88,7.0,0.4592339233398438,-0.06953362851607747
17Oct2025,P,21Nov2025,35,180.0,212.94000244140625,0.042,-7.081642208776951,1.29,31.0,0.44605046142578125,-0.09427181228084647
17Oct2025,P,21Nov2025,35,185.0,212.94000244140625,0.042,-7.054243234588836,1.8350000000000002,20.0,0.43237872314453124,-0.12557928797902274
17Oct2025,P,21Nov2025,35,190.0,212.94000244140625,0.042,-7.027574987506675,2.635,80.0,0.42615319946289065,-0.16845874510138903
17Oct2025,P,21Nov2025,35,195.0,212.94000244140625,0.042,-7.0015995011034144,3.6000000000000005,42.0,0.4141904284667969,-0.21718754481416036
17Oct2025,P,21Nov2025,35,200.0,212.94000244140625,0.042,-6.976281693119124,4.9,136.0,0.4057676611328125,-0.2763146215658878
17Oct2025,P,21Nov2025,35,205.0,212.94000244140625,0.042,-6.951589080528753,6.5,753.0,0.39838248107910157,-0.34370801918252336
17Oct2025,P,21Nov2025,35,210.0,212.94000244140625,0.042,-6.927491528949693,8.6,592.0,0.39258419921875,-0.4175068027025355
17Oct2025,P,21Nov2025,35,215.0,212.94000244140625,0.042,-6.903961031539498,11.050000000000002,197.0,0.3913024737548828,-0.4942679258402016
17Oct2025,P,21Nov2025,35,220.0,212.94000244140625,0.042,-6.8809715133148,13.925,151.0,0.3866638482666015,-0.5709947472407862
17Oct2025,P,21Nov2025,35,225.0,212.94000244140625,0.042,-6.858498657462741,17.025,20.0,0.3873962628173828,-0.6426965215115908
17Oct2025,P,21Nov2025,35,230.0,212.94000244140625,0.042,-6.836519750743966,20.525,3.0,0.38934936828613287,-0.7073071989369575
17Oct2025,P,21Nov2025,35,270.0,212.94000244140625,0.042,-6.676177100668786,57.625,1.0,0.7321804125976561,-0.8201644146633109
17Oct2025,P,28Nov2025,42,180.0,212.94000244140625,0.042,-7.082808875443617,1.355,10.0,0.422857333984375,-0.10080058873086317
17Oct2025,P,28Nov2025,42,185.0,212.94000244140625,0.042,-7.055409901255503,2.075,51.0,0.4177304321289062,-0.13619633681467413
17Oct2025,P,28Nov2025,42,190.0,212.94000244140625,0.042,-7.028741654173341,3.25,16.0,0.4459283923339844,-0.19458365267417244
17Oct2025,P,28Nov2025,42,195.0,212.94000244140625,0.042,-7.002766167770081,3.875,7.0,0.39801627380371096,-0.22507441029890862
17Oct2025,P,28Nov2025,42,200.0,212.94000244140625,0.042,-6.977448359785791,5.45,65.0,0.4102842175292969,-0.2895249032478262
17Oct2025,P,28Nov2025,42,205.0,212.94000244140625,0.042,-6.95275574719542,7.125,3.0,0.40405869384765625,-0.35158731203862914
17Oct2025,P,28Nov2025,42,210.0,212.94000244140625,0.042,-6.928658195616359,8.8,10.0,0.3789124609375,-0.41682117550773956
17Oct2025,P,28Nov2025,42,215.0,212.94000244140625,0.042,-6.905127698206165,11.1,3.0,0.3897155755615235,-0.48810125848819985
17Oct2025,P,28Nov2025,42,230.0,212.94000244140625,0.042,-6.837686417410633,20.9,2.0,0.397466962890625,-0.6802332498050466
17Oct2025,P,19Dec2025,63,170.0,212.94000244140625,0.042,-7.143467289283566,1.495,42.0,0.45227598510742195,-0.09157757454118864
17Oct2025,P,19Dec2025,63,175.0,212.94000244140625,0.042,-7.114479752410314,1.645,20.0,0.39954213745117195,-0.09530059597134777
17Oct2025,P,19Dec2025,63,185.0,212.94000244140625,0.042,-7.058909901255503,3.125,32.0,0.3833679827880859,-0.15666474248710816
17Oct2025,P,19Dec2025,63,190.0,212.94000244140625,0.042,-7.032241654173341,4.050000000000001,86.0,0.3746400427246094,-0.19579366261313558
17Oct2025,P,19Dec2025,63,195.0,212.94000244140625,0.042,-7.006266167770081,5.275,700.0,0.3689638299560547,-0.2425602727538536
17Oct2025,P,19Dec2025,63,200.0,212.94000244140625,0.042,-6.980948359785791,6.825,48.0,0.3660952062988281,-0.2960121651837837
17Oct2025,P,19Dec2025,63,205.0,212.94000244140625,0.042,-6.95625574719542,8.649999999999999,25.0,0.3618227880859375,-0.35339098999010754
17Oct2025,P,19Dec2025,63,210.0,212.94000244140625,0.042,-6.932158195616359,10.825,103.0,0.3588931298828125,-0.41433240397534643
17Oct2025,P,19Dec2025,63,215.0,212.94000244140625,0.042,-6.908627698206165,13.275,50.0,0.35407140075683585,-0.4771201570278625
17Oct2025,P,19Dec2025,63,220.0,212.94000244140625,0.042,-6.885638179981466,15.675,42.0,0.35028725891113277,-0.5404432888950392
17Oct2025,P,19Dec2025,63,240.0,212.94000244140625,0.042,-6.798626802991837,30.125,3.0,0.3859924682617187,-0.732568928117113
17Oct2025,P,16Jan2026,91,70.0,212.94000244140625,0.042,-8.035437150951136,0.095,2.0,0.88476677734375,-0.002864827743871534
17Oct2025,P,16Jan2026,91,100.0,212.94000244140625,0.042,-7.6787622070124035,0.075,11.0,0.5976602734375001,-0.0032928169155946874
17Oct2025,P,16Jan2026,91,110.0,212.94000244140625,0.042,-7.583452027208078,0.235,1.0,0.6093789062500001,-0.009201569618182082
17Oct2025,P,16Jan2026,91,125.0,212.94000244140625,0.042,-7.455618655698194,0.19,2.0,0.514653291015625,-0.012474368623806797
17Oct2025,P,16Jan2026,91,130.0,212.94000244140625,0.042,-7.416397942544912,0.32,2.0,0.5346726220703125,-0.021632589834810756
17Oct2025,P,16Jan2026,91,135.0,212.94000244140625,0.042,-7.378657614562065,0.345,1.0,0.4760794580078125,-0.018759522295690223
17Oct2025,P,16Jan2026,91,140.0,212.94000244140625,0.042,-7.34228997039119,0.535,23.0,0.4831594653320313,-0.02856257948388763
17Oct2025,P,16Jan2026,91,160.0,212.94000244140625,0.042,-7.208758577766668,1.19,1.0,0.41358008300781246,-0.06201055163883862
17Oct2025,P,16Jan2026,91,170.0,212.94000244140625,0.042,-7.148133955950232,1.89,12.0,0.38355108642578123,-0.09235413449881147
17Oct2025,P,16Jan2026,91,175.0,212.94000244140625,0.042,-7.119146419076981,2.6,1.0,0.3821472918701171,-0.11926875824157868
17Oct2025,P,16Jan2026,91,180.0,212.94000244140625,0.042,-7.090975542110284,3.3,40.0,0.3717103845214844,-0.14578642397908514
17Oct2025,P,16Jan2026,91,185.0,212.94000244140625,0.042,-7.06357656792217,4.25,4.0,0.3650576190185547,-0.17872576824301634
17Oct2025,P,16Jan2026,91,190.0,212.94000244140625,0.042,-7.036908320840008,5.35,81.0,0.3572451971435546,-0.2156677879655371
17Oct2025,P,16Jan2026,91,195.0,212.94000244140625,0.042,-7.010932834436748,6.75,21.0,0.3536441589355468,-0.25913631312686236
17Oct2025,P,16Jan2026,91,200.0,212.94000244140625,0.042,-6.985615026452458,8.325,6.0,0.34363449340820307,-0.30425490917947606
17Oct2025,P,16Jan2026,91,205.0,212.94000244140625,0.042,-6.960922413862087,10.25,330.0,0.34149828430175777,-0.35586863060279605
17Oct2025,P,16Jan2026,91,210.0,212.94000244140625,0.042,-6.936824862283026,12.025,16.0,0.33875172973632806,-0.40956073942833804
17Oct2025,P,16Jan2026,91,215.0,212.94000244140625,0.042,-6.913294364872832,14.775,61.0,0.3365544860839844,-0.46452361757300953
17Oct2025,P,16Jan2026,91,220.0,212.94000244140625,0.042,-6.8903048466481325,17.4,279.0,0.33618827880859375,-0.5191402034315266
17Oct2025,P,16Jan2026,91,240.0,212.94000244140625,0.042,-6.803293469658503,30.899999999999995,3.0,0.32636171691894533,-0.7218592785455502
17Oct2025,P,16Jan2026,91,250.0,212.94000244140625,0.042,-6.762471475138248,39.65,2.0,0.3614565808105469,-0.7705802671446222
17Oct2025,P,16Jan2026,91,260.0,212.94000244140625,0.042,-6.723250761984967,47.9,29.0,0.3263006823730469,-0.8598832158956287
17Oct2025,P,20Feb2026,126,180.0,212.94000244140625,0.042,-7.096808875443617,5.025,1004.0,0.3657289990234375,-0.1692860346441556
17Oct2025,P,20Feb2026,126,190.0,212.94000244140625,0.042,-7.042741654173342,7.3,605.0,0.35297277893066403,-0.2347669960799751
17Oct2025,P,20Feb2026,126,200.0,212.94000244140625,0.042,-6.9914483597857915,10.725000000000003,56.0,0.34455001159667964,-0.3147147531681349
17Oct2025,P,20Feb2026,126,205.0,212.94000244140625,0.042,-6.966755747195419,12.65,22.0,0.34027759338378905,-0.3584688301530323
17Oct2025,P,20Feb2026,126,210.0,212.94000244140625,0.042,-6.942658195616359,14.375,20.0,0.33539482971191403,-0.4041356628782765
17Oct2025,P,20Feb2026,126,215.0,212.94000244140625,0.042,-6.919127698206165,17.375,15.0,0.33289241333007813,-0.45117283378103545
17Oct2025,P,20Feb2026,126,220.0,212.94000244140625,0.042,-6.896138179981467,20.05,6.0,0.3388127642822265,-0.49660254143374083
17Oct2025,P,20Feb2026,126,230.0,212.94000244140625,0.042,-6.851686417410632,25.925,4.0,0.34479414978027345,-0.5822194829889948
17Oct2025,P,20Mar2026,154,150.0,212.94000244140625,0.042,-7.283797098904238,1.6700000000000002,13.0,0.40381455566406255,-0.06245389252599587
17Oct2025,P,20Mar2026,154,160.0,212.94000244140625,0.042,-7.219258577766667,2.545,38.0,0.38294074096679687,-0.08935303022229579
17Oct2025,P,20Mar2026,154,165.0,212.94000244140625,0.042,-7.188486919099914,3.2,31.0,0.375982802734375,-0.10765890204656692
17Oct2025,P,20Mar2026,154,170.0,212.94000244140625,0.042,-7.158633955950233,3.85,28.0,0.37695935546875,-0.13251582293405395
17Oct2025,P,20Mar2026,154,175.0,212.94000244140625,0.042,-7.12964641907698,5.05,137.0,0.3685976226806641,-0.1554593110127166
17Oct2025,P,20Mar2026,154,180.0,212.94000244140625,0.042,-7.101475542110284,5.975,47.0,0.3557193334960937,-0.17890565940545122
17Oct2025,P,20Mar2026,154,185.0,212.94000244140625,0.042,-7.0740765679221695,7.324999999999999,119.0,0.3569705416870117,-0.21215475832382957
17Oct2025,P,20Mar2026,154,190.0,212.94000244140625,0.042,-7.047408320840009,8.7,101.0,0.3501957070922851,-0.2442356690952524
17Oct2025,P,20Mar2026,154,195.0,212.94000244140625,0.042,-7.021432834436748,10.175,151.0,0.34088793884277346,-0.27819301095280413
17Oct2025,P,20Mar2026,154,200.0,212.94000244140625,0.042,-6.996115026452458,12.225000000000001,124.0,0.3459538061523437,-0.3191043914935566
17Oct2025,P,20Mar2026,154,205.0,212.94000244140625,0.042,-6.971422413862086,14.7,55.0,0.38043832458496096,-0.363528179516902
17Oct2025,P,20Mar2026,154,210.0,212.94000244140625,0.042,-6.9473248622830255,16.075,19.0,0.3391484542846679,-0.39986440120351063
17Oct2025,P,20Mar2026,154,215.0,212.94000244140625,0.042,-6.9237943648728315,18.05,233.0,0.3255072332763671,-0.4427527912557381
17Oct2025,P,20Mar2026,154,220.0,212.94000244140625,0.042,-6.900804846648133,20.775,27.0,0.31809153594970696,-0.48755060041900433
17Oct2025,P,20Mar2026,154,225.0,212.94000244140625,0.042,-6.878331990796075,24.524999999999995,12.0,0.34992105163574216,-0.5202438267171863
17Oct2025,P,20Mar2026,154,230.0,212.94000244140625,0.042,-6.856353084077299,26.8,2.0,0.31073687316894527,-0.5765662928436477
17Oct2025,P,20Mar2026,154,240.0,212.94000244140625,0.042,-6.813793469658504,34.1,32.0,0.3296575823974609,-0.643880926632328
17Oct2025,P,15May2026,210,160.0,212.94000244140625,0.042,-7.2285919111000005,4.035,2.0,0.3991148956298829,-0.11992301649579684
17Oct2025,P,15May2026,210,170.0,212.94000244140625,0.042,-7.167967289283566,5.599999999999999,3.0,0.36105985626220705,-0.1474337137266486
17Oct2025,P,15May2026,210,180.0,212.94000244140625,0.042,-7.110808875443618,7.1499999999999995,2.0,0.34952432708740233,-0.19556080169752676
17Oct2025,P,15May2026,210,190.0,212.94000244140625,0.042,-7.056741654173342,10.8,14.0,0.36322658264160157,-0.2613501398214402
17Oct2025,P,15May2026,210,195.0,212.94000244140625,0.042,-7.030766167770081,11.875,2.0,0.33554741607666017,-0.28501880524225043
17Oct2025,P,15May2026,210,200.0,212.94000244140625,0.042,-7.005448359785791,13.925,21.0,0.3328313787841797,-0.31907855768102933
17Oct2025,P,18Jun2026,244,150.0,212.94000244140625,0.042,-7.298797098904239,3.5,2.0,0.389654541015625,-0.08895782941412711
17Oct2025,P,18Jun2026,244,155.0,212.94000244140625,0.042,-7.266007276081248,4.1,2.0,0.3915466119384765,-0.1075231308948068
17Oct2025,P,18Jun2026,244,165.0,212.94000244140625,0.042,-7.203486919099913,5.574999999999999,2.0,0.3843750527954102,-0.14500854446551759
17Oct2025,P,18Jun2026,244,170.0,212.94000244140625,0.042,-7.1736339559502325,6.375,1500.0,0.3714357290649414,-0.16209613157872538
17Oct2025,P,18Jun2026,244,180.0,212.94000244140625,0.042,-7.116475542110284,8.875,1503.0,0.369574175415039,-0.2118092923429873
17Oct2025,P,18Jun2026,244,185.0,212.94000244140625,0.042,-7.08907656792217,9.95,2.0,0.3423832852172851,-0.22882704810121335
17Oct2025,P,18Jun2026,244,190.0,212.94000244140625,0.042,-7.062408320840008,11.9,22.0,0.35111122528076166,-0.2616055986721484
17Oct2025,P,18Jun2026,244,220.0,212.94000244140625,0.042,-6.915804846648133,24.35,2.0,0.3202887796020507,-0.45477815766548224
17Oct2025,P,21Aug2026,308,165.0,212.94000244140625,0.042,-7.214153585766581,6.675,2.0,0.36713279357910156,-0.15149994199123418
17Oct2025,P,18Sep2026,336,160.0,212.94000244140625,0.042,-7.249591911100001,6.125,2.0,0.35278967529296873,-0.12967566139841114
17Oct2025,P,18Sep2026,336,175.0,212.94000244140625,0.042,-7.159979752410314,9.75,9.0,0.352545537109375,-0.19391921463357886
17Oct2025,P,18Sep2026,336,205.0,212.94000244140625,0.042,-7.0017557471954195,20.925,4.0,0.3241949905395507,-0.343844995845094
17Oct2025,P,18Sep2026,336,210.0,212.94000244140625,0.042,-6.9776581956163595,22.675,4.0,0.32553775054931633,-0.3727921639751084
17Oct2025,P,18Sep2026,336,230.0,212.94000244140625,0.042,-6.886686417410632,33.349999999999994,3.0,0.29480685668945306,-0.49774748030033833
17Oct2025,P,18Sep2026,336,250.0,212.94000244140625,0.042,-6.803304808471582,46.349999999999994,18.0,0.28459882888793936,-0.6215226444023776
17Oct2025,P,18Sep2026,336,255.0,212.94000244140625,0.042,-6.783502181175401,50.375,2.0,0.30774618041992186,-0.6300166610235362
